offering_id,course_id,section_id,required_sessions,session_duration,student_count
O0001,C001,S_CSE_1_A,4,1,65
O0002,C002,S_CSE_1_A,3,1,65
O0003,C003,S_CSE_1_A,3,1,65
O0004,C004,S_CSE_1_A,2,1,65
O0005,C005,S_CSE_1_A,4,1,65
O0006,C006,S_CSE_1_A,1,2,65
O0007,C007,S_CSE_1_A,1,2,65
O0008,C001,S_ECE_1_A,4,1,65
O0009,C002,S_ECE_1_A,3,1,65
O0010,C003,S_ECE_1_A,3,1,65
O0011,C004,S_ECE_1_A,2,1,65
O0012,C005,S_ECE_1_A,4,1,65
O0013,C006,S_ECE_1_A,1,2,65
O0014,C007,S_ECE_1_A,1,2,65
O0015,C001,S_AIML_1_A,4,1,60
O0016,C002,S_AIML_1_A,3,1,60
O0017,C003,S_AIML_1_A,3,1,60
O0018,C004,S_AIML_1_A,2,1,60
O0019,C005,S_AIML_1_A,4,1,60
O0020,C006,S_AIML_1_A,1,2,60
O0021,C007,S_AIML_1_A,1,2,60
O0022,C001,S_AR_1_A,4,1,60
O0023,C002,S_AR_1_A,3,1,60
O0024,C003,S_AR_1_A,3,1,60
O0025,C004,S_AR_1_A,2,1,60
O0026,C005,S_AR_1_A,4,1,60
O0027,C006,S_AR_1_A,1,2,60
O0028,C007,S_AR_1_A,1,2,60
O0029,C008,S_CSE_2_A,4,1,65
O0030,C009,S_CSE_2_A,2,1,65
O0031,C010,S_CSE_2_A,4,1,65
O0032,C011,S_CSE_2_A,3,1,65
O0033,C012,S_CSE_2_A,3,1,65
O0034,C013,S_CSE_2_A,1,2,65
O0035,C008,S_ECE_2_A,4,1,65
O0036,C009,S_ECE_2_A,2,1,65
O0037,C021,S_ECE_2_A,4,1,65
O0038,C022,S_ECE_2_A,4,1,65
O0039,C023,S_ECE_2_A,3,1,65
O0040,C024,S_ECE_2_A,1,2,65
O0041,C008,S_AIML_2_A,4,1,60
O0042,C009,S_AIML_2_A,2,1,60
O0043,C032,S_AIML_2_A,4,1,60
O0044,C033,S_AIML_2_A,4,1,60
O0045,C034,S_AIML_2_A,3,1,60
O0046,C035,S_AIML_2_A,1,2,60
O0047,C008,S_AR_2_A,4,1,60
O0048,C009,S_AR_2_A,2,1,60
O0049,C043,S_AR_2_A,4,1,60
O0050,C044,S_AR_2_A,4,1,60
O0051,C045,S_AR_2_A,3,1,60
O0052,C046,S_AR_2_A,1,2,60
O0053,C054,S_CSE_3_A,2,1,65
O0054,C056,S_CSE_3_A,2,1,65
O0055,C014,S_CSE_3_A,4,1,65
O0056,C015,S_CSE_3_A,4,1,65
O0057,C016,S_CSE_3_A,3,1,65
O0058,C017,S_CSE_3_A,1,2,65
O0059,C054,S_ECE_3_A,2,1,65
O0060,C056,S_ECE_3_A,2,1,65
O0061,C025,S_ECE_3_A,4,1,65
O0062,C026,S_ECE_3_A,4,1,65
O0063,C027,S_ECE_3_A,3,1,65
O0064,C028,S_ECE_3_A,1,2,65
O0065,C054,S_AIML_3_A,2,1,60
O0066,C056,S_AIML_3_A,2,1,60
O0067,C036,S_AIML_3_A,4,1,60
O0068,C037,S_AIML_3_A,4,1,60
O0069,C038,S_AIML_3_A,3,1,60
O0070,C039,S_AIML_3_A,1,2,60
O0071,C054,S_AR_3_A,2,1,60
O0072,C056,S_AR_3_A,2,1,60
O0073,C047,S_AR_3_A,4,1,60
O0074,C048,S_AR_3_A,4,1,60
O0075,C049,S_AR_3_A,3,1,60
O0076,C050,S_AR_3_A,1,2,60
O0077,C055,S_CSE_4_A,2,1,65
O0078,C057,S_CSE_4_A,2,1,65
O0079,C018,S_CSE_4_A,3,1,65
O0080,C019,S_CSE_4_A,3,1,65
O0081,C020,S_CSE_4_A,3,1,65
O0082,C055,S_ECE_4_A,2,1,65
O0083,C057,S_ECE_4_A,2,1,65
O0084,C029,S_ECE_4_A,3,1,65
O0085,C030,S_ECE_4_A,3,1,65
O0086,C031,S_ECE_4_A,3,1,65
O0087,C055,S_AIML_4_A,2,1,60
O0088,C057,S_AIML_4_A,2,1,60
O0089,C040,S_AIML_4_A,3,1,60
O0090,C041,S_AIML_4_A,3,1,60
O0091,C042,S_AIML_4_A,3,1,60
O0092,C055,S_AR_4_A,2,1,60
O0093,C057,S_AR_4_A,2,1,60
O0094,C051,S_AR_4_A,3,1,60
O0095,C052,S_AR_4_A,3,1,60
O0096,C053,S_AR_4_A,3,1,60
O0097,C054,S_CSE_3_A,2,1,65
O0098,C054,S_ECE_3_A,2,1,65
O0099,C054,S_AIML_3_A,2,1,60
O0100,C054,S_AR_3_A,2,1,60
O0101,C055,S_CSE_4_A,2,1,65
O0102,C055,S_ECE_4_A,2,1,65
O0103,C055,S_AIML_4_A,2,1,60
O0104,C055,S_AR_4_A,2,1,60
O0105,C058,S_CSE_3_A,3,1,65
O0106,C059,S_CSE_3_A,3,1,65
O0107,C060,S_CSE_3_A,3,1,65
O0108,C061,S_CSE_3_A,3,1,65
O0109,C058,S_ECE_3_A,3,1,65
O0110,C059,S_ECE_3_A,3,1,65
O0111,C060,S_ECE_3_A,3,1,65
O0112,C061,S_ECE_3_A,3,1,65
O0113,C058,S_AIML_3_A,3,1,60
O0114,C059,S_AIML_3_A,3,1,60
O0115,C060,S_AIML_3_A,3,1,60
O0116,C061,S_AIML_3_A,3,1,60
O0117,C058,S_AR_3_A,3,1,60
O0118,C059,S_AR_3_A,3,1,60
O0119,C060,S_AR_3_A,3,1,60
O0120,C061,S_AR_3_A,3,1,60
O0121,C058,S_CSE_4_A,3,1,65
O0122,C059,S_CSE_4_A,3,1,65
O0123,C060,S_CSE_4_A,3,1,65
O0124,C061,S_CSE_4_A,3,1,65
O0125,C062,S_CSE_4_A,3,1,65
O0126,C063,S_CSE_4_A,3,1,65
O0127,C058,S_ECE_4_A,3,1,65
O0128,C059,S_ECE_4_A,3,1,65
O0129,C060,S_ECE_4_A,3,1,65
O0130,C061,S_ECE_4_A,3,1,65
O0131,C064,S_ECE_4_A,3,1,65
O0132,C061,S_ECE_4_A,3,1,65
O0133,C058,S_AIML_4_A,3,1,60
O0134,C059,S_AIML_4_A,3,1,60
O0135,C060,S_AIML_4_A,3,1,60
O0136,C061,S_AIML_4_A,3,1,60
O0137,C058,S_AIML_4_A,3,1,60
O0138,C062,S_AIML_4_A,3,1,60
O0139,C058,S_AR_4_A,3,1,60
O0140,C059,S_AR_4_A,3,1,60
O0141,C060,S_AR_4_A,3,1,60
O0142,C061,S_AR_4_A,3,1,60
O0143,C065,S_AR_4_A,3,1,60
O0144,C060,S_AR_4_A,3,1,60
