faculty_id,slot_id,available,preference_score
F001,MON_0900,True,3
F001,MON_1000,True,3
F001,MON_1100,True,3
F001,MON_1200,True,3
F001,MON_1400,True,5
F001,MON_1500,True,5
F001,MON_1600,False,0
F001,TUE_0900,False,0
F001,TUE_1000,True,3
F001,TUE_1100,True,3
F001,TUE_1200,True,3
F001,TUE_1400,True,5
F001,TUE_1500,True,5
F001,TUE_1600,True,5
F001,WED_0900,True,3
F001,WED_1000,True,3
F001,WED_1100,True,3
F001,WED_1200,True,3
F001,WED_1400,True,5
F001,WED_1500,True,5
F001,WED_1600,True,5
F001,THU_0900,True,3
F001,THU_1000,True,3
F001,THU_1100,True,3
F001,THU_1200,True,3
F001,THU_1400,True,5
F001,THU_1500,True,5
F001,THU_1600,True,5
F001,FRI_0900,True,3
F001,FRI_1000,True,3
F001,FRI_1100,True,3
F001,FRI_1200,True,3
F001,FRI_1400,True,5
F001,FRI_1500,True,5
F001,FRI_1600,False,0
F002,MON_0900,True,3
F002,MON_1000,True,4
F002,MON_1100,False,0
F002,MON_1200,True,5
F002,MON_1400,True,3
F002,MON_1500,False,0
F002,MON_1600,True,3
F002,TUE_0900,True,3
F002,TUE_1000,False,0
F002,TUE_1100,True,3
F002,TUE_1200,True,3
F002,TUE_1400,True,3
F002,TUE_1500,True,5
F002,TUE_1600,False,0
F002,WED_0900,True,3
F002,WED_1000,True,5
F002,WED_1100,True,3
F002,WED_1200,True,3
F002,WED_1400,True,4
F002,WED_1500,True,3
F002,WED_1600,True,3
F002,THU_0900,True,3
F002,THU_1000,True,4
F002,THU_1100,True,5
F002,THU_1200,False,0
F002,THU_1400,True,4
F002,THU_1500,True,3
F002,THU_1600,True,3
F002,FRI_0900,True,3
F002,FRI_1000,True,5
F002,FRI_1100,True,4
F002,FRI_1200,True,3
F002,FRI_1400,False,0
F002,FRI_1500,True,4
F002,FRI_1600,True,3
F003,MON_0900,True,5
F003,MON_1000,True,5
F003,MON_1100,False,0
F003,MON_1200,False,0
F003,MON_1400,True,3
F003,MON_1500,False,0
F003,MON_1600,True,3
F003,TUE_0900,True,5
F003,TUE_1000,True,5
F003,TUE_1100,True,5
F003,TUE_1200,True,3
F003,TUE_1400,True,3
F003,TUE_1500,True,3
F003,TUE_1600,True,3
F003,WED_0900,False,0
F003,WED_1000,True,5
F003,WED_1100,True,5
F003,WED_1200,True,3
F003,WED_1400,True,3
F003,WED_1500,True,3
F003,WED_1600,True,3
F003,THU_0900,True,5
F003,THU_1000,True,5
F003,THU_1100,True,5
F003,THU_1200,True,3
F003,THU_1400,True,3
F003,THU_1500,False,0
F003,THU_1600,True,3
F003,FRI_0900,True,5
F003,FRI_1000,True,5
F003,FRI_1100,True,5
F003,FRI_1200,True,3
F003,FRI_1400,False,0
F003,FRI_1500,True,3
F003,FRI_1600,False,0
F004,MON_0900,False,0
F004,MON_1000,False,0
F004,MON_1100,False,0
F004,MON_1200,False,0
F004,MON_1400,False,0
F004,MON_1500,False,0
F004,MON_1600,False,0
F004,TUE_0900,False,0
F004,TUE_1000,False,0
F004,TUE_1100,False,0
F004,TUE_1200,False,0
F004,TUE_1400,True,5
F004,TUE_1500,True,5
F004,TUE_1600,True,5
F004,WED_0900,False,0
F004,WED_1000,False,0
F004,WED_1100,False,0
F004,WED_1200,False,0
F004,WED_1400,False,0
F004,WED_1500,False,0
F004,WED_1600,False,0
F004,THU_0900,False,0
F004,THU_1000,False,0
F004,THU_1100,False,0
F004,THU_1200,False,0
F004,THU_1400,True,5
F004,THU_1500,True,5
F004,THU_1600,True,5
F004,FRI_0900,False,0
F004,FRI_1000,False,0
F004,FRI_1100,False,0
F004,FRI_1200,False,0
F004,FRI_1400,False,0
F004,FRI_1500,False,0
F004,FRI_1600,False,0
F005,MON_0900,False,0
F005,MON_1000,True,3
F005,MON_1100,True,5
F005,MON_1200,True,5
F005,MON_1400,True,3
F005,MON_1500,True,5
F005,MON_1600,True,4
F005,TUE_0900,True,5
F005,TUE_1000,False,0
F005,TUE_1100,True,4
F005,TUE_1200,True,5
F005,TUE_1400,True,3
F005,TUE_1500,True,3
F005,TUE_1600,True,4
F005,WED_0900,True,4
F005,WED_1000,True,4
F005,WED_1100,True,4
F005,WED_1200,True,5
F005,WED_1400,True,5
F005,WED_1500,True,5
F005,WED_1600,True,5
F005,THU_0900,True,3
F005,THU_1000,True,4
F005,THU_1100,True,4
F005,THU_1200,False,0
F005,THU_1400,True,5
F005,THU_1500,True,3
F005,THU_1600,True,5
F005,FRI_0900,True,3
F005,FRI_1000,True,3
F005,FRI_1100,True,4
F005,FRI_1200,True,4
F005,FRI_1400,True,4
F005,FRI_1500,True,5
F005,FRI_1600,True,3
F006,MON_0900,True,5
F006,MON_1000,True,5
F006,MON_1100,False,0
F006,MON_1200,False,0
F006,MON_1400,True,3
F006,MON_1500,True,3
F006,MON_1600,True,3
F006,TUE_0900,True,5
F006,TUE_1000,True,5
F006,TUE_1100,True,5
F006,TUE_1200,True,3
F006,TUE_1400,True,3
F006,TUE_1500,True,3
F006,TUE_1600,True,3
F006,WED_0900,True,5
F006,WED_1000,True,5
F006,WED_1100,True,5
F006,WED_1200,True,3
F006,WED_1400,False,0
F006,WED_1500,True,3
F006,WED_1600,True,3
F006,THU_0900,True,5
F006,THU_1000,True,5
F006,THU_1100,True,5
F006,THU_1200,True,3
F006,THU_1400,True,3
F006,THU_1500,True,3
F006,THU_1600,True,3
F006,FRI_0900,True,5
F006,FRI_1000,True,5
F006,FRI_1100,True,5
F006,FRI_1200,True,3
F006,FRI_1400,True,3
F006,FRI_1500,True,3
F006,FRI_1600,True,3
F007,MON_0900,True,3
F007,MON_1000,True,3
F007,MON_1100,False,0
F007,MON_1200,True,3
F007,MON_1400,True,5
F007,MON_1500,True,5
F007,MON_1600,True,5
F007,TUE_0900,True,3
F007,TUE_1000,True,3
F007,TUE_1100,True,3
F007,TUE_1200,True,3
F007,TUE_1400,True,5
F007,TUE_1500,True,5
F007,TUE_1600,True,5
F007,WED_0900,True,3
F007,WED_1000,True,3
F007,WED_1100,True,3
F007,WED_1200,True,3
F007,WED_1400,True,5
F007,WED_1500,False,0
F007,WED_1600,True,5
F007,THU_0900,True,3
F007,THU_1000,True,3
F007,THU_1100,True,3
F007,THU_1200,False,0
F007,THU_1400,True,5
F007,THU_1500,True,5
F007,THU_1600,True,5
F007,FRI_0900,True,3
F007,FRI_1000,True,3
F007,FRI_1100,True,3
F007,FRI_1200,True,3
F007,FRI_1400,True,5
F007,FRI_1500,True,5
F007,FRI_1600,True,5
F008,MON_0900,True,3
F008,MON_1000,True,5
F008,MON_1100,False,0
F008,MON_1200,True,5
F008,MON_1400,True,5
F008,MON_1500,True,4
F008,MON_1600,True,5
F008,TUE_0900,True,5
F008,TUE_1000,True,5
F008,TUE_1100,True,4
F008,TUE_1200,False,0
F008,TUE_1400,True,4
F008,TUE_1500,True,5
F008,TUE_1600,False,0
F008,WED_0900,True,4
F008,WED_1000,True,3
F008,WED_1100,False,0
F008,WED_1200,True,3
F008,WED_1400,True,3
F008,WED_1500,True,5
F008,WED_1600,True,5
F008,THU_0900,True,5
F008,THU_1000,True,4
F008,THU_1100,True,5
F008,THU_1200,True,4
F008,THU_1400,True,5
F008,THU_1500,True,3
F008,THU_1600,True,4
F008,FRI_0900,True,3
F008,FRI_1000,True,3
F008,FRI_1100,False,0
F008,FRI_1200,True,4
F008,FRI_1400,True,5
F008,FRI_1500,True,4
F008,FRI_1600,True,4
F009,MON_0900,True,5
F009,MON_1000,True,5
F009,MON_1100,True,5
F009,MON_1200,True,3
F009,MON_1400,True,3
F009,MON_1500,False,0
F009,MON_1600,False,0
F009,TUE_0900,True,5
F009,TUE_1000,True,5
F009,TUE_1100,True,5
F009,TUE_1200,True,3
F009,TUE_1400,True,3
F009,TUE_1500,True,3
F009,TUE_1600,True,3
F009,WED_0900,True,5
F009,WED_1000,True,5
F009,WED_1100,True,5
F009,WED_1200,True,3
F009,WED_1400,True,3
F009,WED_1500,True,3
F009,WED_1600,True,3
F009,THU_0900,True,5
F009,THU_1000,True,5
F009,THU_1100,True,5
F009,THU_1200,True,3
F009,THU_1400,True,3
F009,THU_1500,True,3
F009,THU_1600,True,3
F009,FRI_0900,True,5
F009,FRI_1000,True,5
F009,FRI_1100,True,5
F009,FRI_1200,True,3
F009,FRI_1400,True,3
F009,FRI_1500,True,3
F009,FRI_1600,True,3
F010,MON_0900,True,3
F010,MON_1000,True,3
F010,MON_1100,True,3
F010,MON_1200,True,3
F010,MON_1400,True,5
F010,MON_1500,True,5
F010,MON_1600,False,0
F010,TUE_0900,True,3
F010,TUE_1000,True,3
F010,TUE_1100,True,3
F010,TUE_1200,True,3
F010,TUE_1400,True,5
F010,TUE_1500,False,0
F010,TUE_1600,True,5
F010,WED_0900,True,3
F010,WED_1000,True,3
F010,WED_1100,True,3
F010,WED_1200,True,3
F010,WED_1400,True,5
F010,WED_1500,True,5
F010,WED_1600,True,5
F010,THU_0900,True,3
F010,THU_1000,True,3
F010,THU_1100,True,3
F010,THU_1200,True,3
F010,THU_1400,True,5
F010,THU_1500,True,5
F010,THU_1600,True,5
F010,FRI_0900,True,3
F010,FRI_1000,True,3
F010,FRI_1100,True,3
F010,FRI_1200,True,3
F010,FRI_1400,True,5
F010,FRI_1500,True,5
F010,FRI_1600,True,5
F011,MON_0900,True,5
F011,MON_1000,True,4
F011,MON_1100,True,4
F011,MON_1200,True,4
F011,MON_1400,True,3
F011,MON_1500,True,3
F011,MON_1600,True,3
F011,TUE_0900,True,4
F011,TUE_1000,True,3
F011,TUE_1100,True,5
F011,TUE_1200,True,4
F011,TUE_1400,False,0
F011,TUE_1500,True,4
F011,TUE_1600,True,3
F011,WED_0900,True,3
F011,WED_1000,True,3
F011,WED_1100,True,4
F011,WED_1200,True,4
F011,WED_1400,False,0
F011,WED_1500,True,3
F011,WED_1600,True,3
F011,THU_0900,True,3
F011,THU_1000,True,3
F011,THU_1100,True,5
F011,THU_1200,True,3
F011,THU_1400,True,4
F011,THU_1500,True,4
F011,THU_1600,True,3
F011,FRI_0900,True,4
F011,FRI_1000,True,3
F011,FRI_1100,True,3
F011,FRI_1200,True,3
F011,FRI_1400,True,5
F011,FRI_1500,True,4
F011,FRI_1600,True,4
F012,MON_0900,True,5
F012,MON_1000,True,5
F012,MON_1100,True,5
F012,MON_1200,True,3
F012,MON_1400,True,3
F012,MON_1500,False,0
F012,MON_1600,True,3
F012,TUE_0900,True,5
F012,TUE_1000,True,5
F012,TUE_1100,True,5
F012,TUE_1200,True,3
F012,TUE_1400,True,3
F012,TUE_1500,True,3
F012,TUE_1600,False,0
F012,WED_0900,True,5
F012,WED_1000,True,5
F012,WED_1100,True,5
F012,WED_1200,True,3
F012,WED_1400,True,3
F012,WED_1500,True,3
F012,WED_1600,True,3
F012,THU_0900,True,5
F012,THU_1000,True,5
F012,THU_1100,True,5
F012,THU_1200,False,0
F012,THU_1400,True,3
F012,THU_1500,False,0
F012,THU_1600,True,3
F012,FRI_0900,True,5
F012,FRI_1000,True,5
F012,FRI_1100,True,5
F012,FRI_1200,False,0
F012,FRI_1400,True,3
F012,FRI_1500,True,3
F012,FRI_1600,True,3
F013,MON_0900,True,3
F013,MON_1000,True,3
F013,MON_1100,True,3
F013,MON_1200,True,3
F013,MON_1400,True,5
F013,MON_1500,True,5
F013,MON_1600,True,5
F013,TUE_0900,True,3
F013,TUE_1000,True,3
F013,TUE_1100,True,3
F013,TUE_1200,True,3
F013,TUE_1400,True,5
F013,TUE_1500,True,5
F013,TUE_1600,True,5
F013,WED_0900,False,0
F013,WED_1000,True,3
F013,WED_1100,True,3
F013,WED_1200,True,3
F013,WED_1400,True,5
F013,WED_1500,True,5
F013,WED_1600,True,5
F013,THU_0900,True,3
F013,THU_1000,True,3
F013,THU_1100,False,0
F013,THU_1200,True,3
F013,THU_1400,True,5
F013,THU_1500,True,5
F013,THU_1600,False,0
F013,FRI_0900,True,3
F013,FRI_1000,True,3
F013,FRI_1100,True,3
F013,FRI_1200,True,3
F013,FRI_1400,True,5
F013,FRI_1500,True,5
F013,FRI_1600,True,5
F014,MON_0900,True,3
F014,MON_1000,True,4
F014,MON_1100,True,5
F014,MON_1200,True,3
F014,MON_1400,True,3
F014,MON_1500,True,3
F014,MON_1600,True,4
F014,TUE_0900,True,4
F014,TUE_1000,True,4
F014,TUE_1100,True,5
F014,TUE_1200,True,5
F014,TUE_1400,True,4
F014,TUE_1500,False,0
F014,TUE_1600,True,4
F014,WED_0900,True,4
F014,WED_1000,True,3
F014,WED_1100,False,0
F014,WED_1200,True,4
F014,WED_1400,True,5
F014,WED_1500,True,3
F014,WED_1600,True,5
F014,THU_0900,True,4
F014,THU_1000,False,0
F014,THU_1100,False,0
F014,THU_1200,True,4
F014,THU_1400,True,5
F014,THU_1500,False,0
F014,THU_1600,True,4
F014,FRI_0900,True,4
F014,FRI_1000,True,3
F014,FRI_1100,True,5
F014,FRI_1200,True,4
F014,FRI_1400,True,3
F014,FRI_1500,True,3
F014,FRI_1600,True,4
F015,MON_0900,True,5
F015,MON_1000,True,5
F015,MON_1100,True,5
F015,MON_1200,True,3
F015,MON_1400,True,3
F015,MON_1500,True,3
F015,MON_1600,True,3
F015,TUE_0900,True,5
F015,TUE_1000,True,5
F015,TUE_1100,True,5
F015,TUE_1200,True,3
F015,TUE_1400,False,0
F015,TUE_1500,True,3
F015,TUE_1600,True,3
F015,WED_0900,True,5
F015,WED_1000,True,5
F015,WED_1100,True,5
F015,WED_1200,True,3
F015,WED_1400,True,3
F015,WED_1500,True,3
F015,WED_1600,True,3
F015,THU_0900,True,5
F015,THU_1000,True,5
F015,THU_1100,True,5
F015,THU_1200,True,3
F015,THU_1400,True,3
F015,THU_1500,True,3
F015,THU_1600,True,3
F015,FRI_0900,True,5
F015,FRI_1000,True,5
F015,FRI_1100,True,5
F015,FRI_1200,True,3
F015,FRI_1400,True,3
F015,FRI_1500,True,3
F015,FRI_1600,True,3
F016,MON_0900,False,0
F016,MON_1000,False,0
F016,MON_1100,False,0
F016,MON_1200,False,0
F016,MON_1400,False,0
F016,MON_1500,False,0
F016,MON_1600,False,0
F016,TUE_0900,False,0
F016,TUE_1000,False,0
F016,TUE_1100,False,0
F016,TUE_1200,False,0
F016,TUE_1400,True,5
F016,TUE_1500,True,5
F016,TUE_1600,True,5
F016,WED_0900,False,0
F016,WED_1000,False,0
F016,WED_1100,False,0
F016,WED_1200,False,0
F016,WED_1400,False,0
F016,WED_1500,False,0
F016,WED_1600,False,0
F016,THU_0900,False,0
F016,THU_1000,False,0
F016,THU_1100,False,0
F016,THU_1200,False,0
F016,THU_1400,True,5
F016,THU_1500,True,5
F016,THU_1600,True,5
F016,FRI_0900,False,0
F016,FRI_1000,False,0
F016,FRI_1100,False,0
F016,FRI_1200,False,0
F016,FRI_1400,False,0
F016,FRI_1500,False,0
F016,FRI_1600,False,0
F017,MON_0900,False,0
F017,MON_1000,False,0
F017,MON_1100,False,0
F017,MON_1200,False,0
F017,MON_1400,False,0
F017,MON_1500,False,0
F017,MON_1600,False,0
F017,TUE_0900,False,0
F017,TUE_1000,False,0
F017,TUE_1100,False,0
F017,TUE_1200,False,0
F017,TUE_1400,True,4
F017,TUE_1500,True,5
F017,TUE_1600,True,3
F017,WED_0900,False,0
F017,WED_1000,False,0
F017,WED_1100,False,0
F017,WED_1200,False,0
F017,WED_1400,False,0
F017,WED_1500,False,0
F017,WED_1600,False,0
F017,THU_0900,False,0
F017,THU_1000,False,0
F017,THU_1100,False,0
F017,THU_1200,False,0
F017,THU_1400,True,5
F017,THU_1500,True,3
F017,THU_1600,True,3
F017,FRI_0900,False,0
F017,FRI_1000,False,0
F017,FRI_1100,False,0
F017,FRI_1200,False,0
F017,FRI_1400,False,0
F017,FRI_1500,False,0
F017,FRI_1600,False,0
F018,MON_0900,True,5
F018,MON_1000,True,5
F018,MON_1100,True,5
F018,MON_1200,True,3
F018,MON_1400,True,3
F018,MON_1500,True,3
F018,MON_1600,False,0
F018,TUE_0900,True,5
F018,TUE_1000,True,5
F018,TUE_1100,True,5
F018,TUE_1200,True,3
F018,TUE_1400,True,3
F018,TUE_1500,True,3
F018,TUE_1600,True,3
F018,WED_0900,True,5
F018,WED_1000,True,5
F018,WED_1100,True,5
F018,WED_1200,True,3
F018,WED_1400,True,3
F018,WED_1500,False,0
F018,WED_1600,True,3
F018,THU_0900,True,5
F018,THU_1000,True,5
F018,THU_1100,True,5
F018,THU_1200,True,3
F018,THU_1400,True,3
F018,THU_1500,True,3
F018,THU_1600,True,3
F018,FRI_0900,True,5
F018,FRI_1000,True,5
F018,FRI_1100,True,5
F018,FRI_1200,True,3
F018,FRI_1400,True,3
F018,FRI_1500,True,3
F018,FRI_1600,True,3
F019,MON_0900,True,3
F019,MON_1000,True,3
F019,MON_1100,True,3
F019,MON_1200,True,3
F019,MON_1400,True,5
F019,MON_1500,True,5
F019,MON_1600,True,5
F019,TUE_0900,True,3
F019,TUE_1000,True,3
F019,TUE_1100,True,3
F019,TUE_1200,False,0
F019,TUE_1400,False,0
F019,TUE_1500,True,5
F019,TUE_1600,True,5
F019,WED_0900,True,3
F019,WED_1000,True,3
F019,WED_1100,True,3
F019,WED_1200,True,3
F019,WED_1400,True,5
F019,WED_1500,True,5
F019,WED_1600,True,5
F019,THU_0900,True,3
F019,THU_1000,True,3
F019,THU_1100,True,3
F019,THU_1200,True,3
F019,THU_1400,True,5
F019,THU_1500,False,0
F019,THU_1600,False,0
F019,FRI_0900,True,3
F019,FRI_1000,True,3
F019,FRI_1100,True,3
F019,FRI_1200,True,3
F019,FRI_1400,True,5
F019,FRI_1500,True,5
F019,FRI_1600,True,5
F020,MON_0900,True,4
F020,MON_1000,True,4
F020,MON_1100,True,3
F020,MON_1200,True,4
F020,MON_1400,True,4
F020,MON_1500,True,3
F020,MON_1600,False,0
F020,TUE_0900,True,5
F020,TUE_1000,True,3
F020,TUE_1100,True,5
F020,TUE_1200,True,3
F020,TUE_1400,True,4
F020,TUE_1500,True,4
F020,TUE_1600,True,4
F020,WED_0900,True,3
F020,WED_1000,True,5
F020,WED_1100,True,3
F020,WED_1200,True,4
F020,WED_1400,False,0
F020,WED_1500,True,5
F020,WED_1600,True,5
F020,THU_0900,True,4
F020,THU_1000,True,3
F020,THU_1100,True,4
F020,THU_1200,True,4
F020,THU_1400,True,4
F020,THU_1500,False,0
F020,THU_1600,True,4
F020,FRI_0900,True,3
F020,FRI_1000,True,4
F020,FRI_1100,True,4
F020,FRI_1200,True,5
F020,FRI_1400,True,3
F020,FRI_1500,True,3
F020,FRI_1600,True,4
F021,MON_0900,True,5
F021,MON_1000,True,5
F021,MON_1100,True,5
F021,MON_1200,True,3
F021,MON_1400,True,3
F021,MON_1500,False,0
F021,MON_1600,False,0
F021,TUE_0900,True,5
F021,TUE_1000,True,5
F021,TUE_1100,True,5
F021,TUE_1200,True,3
F021,TUE_1400,True,3
F021,TUE_1500,True,3
F021,TUE_1600,True,3
F021,WED_0900,True,5
F021,WED_1000,True,5
F021,WED_1100,True,5
F021,WED_1200,True,3
F021,WED_1400,True,3
F021,WED_1500,True,3
F021,WED_1600,True,3
F021,THU_0900,True,5
F021,THU_1000,True,5
F021,THU_1100,True,5
F021,THU_1200,False,0
F021,THU_1400,True,3
F021,THU_1500,True,3
F021,THU_1600,True,3
F021,FRI_0900,True,5
F021,FRI_1000,True,5
F021,FRI_1100,True,5
F021,FRI_1200,True,3
F021,FRI_1400,True,3
F021,FRI_1500,True,3
F021,FRI_1600,True,3
F022,MON_0900,True,3
F022,MON_1000,True,3
F022,MON_1100,True,3
F022,MON_1200,False,0
F022,MON_1400,True,5
F022,MON_1500,True,5
F022,MON_1600,True,5
F022,TUE_0900,True,3
F022,TUE_1000,True,3
F022,TUE_1100,True,3
F022,TUE_1200,True,3
F022,TUE_1400,True,5
F022,TUE_1500,True,5
F022,TUE_1600,True,5
F022,WED_0900,True,3
F022,WED_1000,True,3
F022,WED_1100,True,3
F022,WED_1200,True,3
F022,WED_1400,True,5
F022,WED_1500,True,5
F022,WED_1600,True,5
F022,THU_0900,True,3
F022,THU_1000,True,3
F022,THU_1100,True,3
F022,THU_1200,True,3
F022,THU_1400,True,5
F022,THU_1500,True,5
F022,THU_1600,True,5
F022,FRI_0900,True,3
F022,FRI_1000,True,3
F022,FRI_1100,True,3
F022,FRI_1200,True,3
F022,FRI_1400,True,5
F022,FRI_1500,True,5
F022,FRI_1600,True,5
F023,MON_0900,False,0
F023,MON_1000,False,0
F023,MON_1100,False,0
F023,MON_1200,False,0
F023,MON_1400,False,0
F023,MON_1500,False,0
F023,MON_1600,False,0
F023,TUE_0900,False,0
F023,TUE_1000,False,0
F023,TUE_1100,False,0
F023,TUE_1200,False,0
F023,TUE_1400,True,5
F023,TUE_1500,True,5
F023,TUE_1600,True,5
F023,WED_0900,False,0
F023,WED_1000,False,0
F023,WED_1100,False,0
F023,WED_1200,False,0
F023,WED_1400,False,0
F023,WED_1500,False,0
F023,WED_1600,False,0
F023,THU_0900,False,0
F023,THU_1000,False,0
F023,THU_1100,False,0
F023,THU_1200,False,0
F023,THU_1400,True,4
F023,THU_1500,True,5
F023,THU_1600,True,4
F023,FRI_0900,False,0
F023,FRI_1000,False,0
F023,FRI_1100,False,0
F023,FRI_1200,False,0
F023,FRI_1400,False,0
F023,FRI_1500,False,0
F023,FRI_1600,False,0
F024,MON_0900,True,5
F024,MON_1000,True,5
F024,MON_1100,True,5
F024,MON_1200,True,3
F024,MON_1400,True,3
F024,MON_1500,True,3
F024,MON_1600,True,3
F024,TUE_0900,True,5
F024,TUE_1000,True,5
F024,TUE_1100,True,5
F024,TUE_1200,True,3
F024,TUE_1400,True,3
F024,TUE_1500,True,3
F024,TUE_1600,True,3
F024,WED_0900,True,5
F024,WED_1000,True,5
F024,WED_1100,True,5
F024,WED_1200,True,3
F024,WED_1400,True,3
F024,WED_1500,True,3
F024,WED_1600,True,3
F024,THU_0900,True,5
F024,THU_1000,True,5
F024,THU_1100,True,5
F024,THU_1200,True,3
F024,THU_1400,True,3
F024,THU_1500,True,3
F024,THU_1600,True,3
F024,FRI_0900,True,5
F024,FRI_1000,True,5
F024,FRI_1100,True,5
F024,FRI_1200,True,3
F024,FRI_1400,True,3
F024,FRI_1500,True,3
F024,FRI_1600,True,3
F025,MON_0900,True,3
F025,MON_1000,True,3
F025,MON_1100,True,3
F025,MON_1200,True,3
F025,MON_1400,False,0
F025,MON_1500,True,5
F025,MON_1600,True,5
F025,TUE_0900,True,3
F025,TUE_1000,True,3
F025,TUE_1100,False,0
F025,TUE_1200,True,3
F025,TUE_1400,True,5
F025,TUE_1500,True,5
F025,TUE_1600,True,5
F025,WED_0900,True,3
F025,WED_1000,True,3
F025,WED_1100,True,3
F025,WED_1200,True,3
F025,WED_1400,True,5
F025,WED_1500,True,5
F025,WED_1600,True,5
F025,THU_0900,False,0
F025,THU_1000,True,3
F025,THU_1100,True,3
F025,THU_1200,True,3
F025,THU_1400,True,5
F025,THU_1500,True,5
F025,THU_1600,True,5
F025,FRI_0900,True,3
F025,FRI_1000,True,3
F025,FRI_1100,True,3
F025,FRI_1200,True,3
F025,FRI_1400,True,5
F025,FRI_1500,True,5
F025,FRI_1600,True,5
F026,MON_0900,True,4
F026,MON_1000,True,3
F026,MON_1100,True,5
F026,MON_1200,True,4
F026,MON_1400,True,5
F026,MON_1500,True,4
F026,MON_1600,True,3
F026,TUE_0900,True,4
F026,TUE_1000,True,3
F026,TUE_1100,True,5
F026,TUE_1200,True,4
F026,TUE_1400,True,3
F026,TUE_1500,True,4
F026,TUE_1600,True,3
F026,WED_0900,True,5
F026,WED_1000,True,4
F026,WED_1100,True,3
F026,WED_1200,True,3
F026,WED_1400,True,3
F026,WED_1500,True,3
F026,WED_1600,False,0
F026,THU_0900,True,4
F026,THU_1000,True,4
F026,THU_1100,True,5
F026,THU_1200,True,4
F026,THU_1400,True,5
F026,THU_1500,True,5
F026,THU_1600,True,4
F026,FRI_0900,True,5
F026,FRI_1000,True,5
F026,FRI_1100,True,5
F026,FRI_1200,True,4
F026,FRI_1400,True,3
F026,FRI_1500,True,3
F026,FRI_1600,True,4
F027,MON_0900,True,5
F027,MON_1000,True,5
F027,MON_1100,True,5
F027,MON_1200,True,3
F027,MON_1400,True,3
F027,MON_1500,True,3
F027,MON_1600,False,0
F027,TUE_0900,False,0
F027,TUE_1000,False,0
F027,TUE_1100,False,0
F027,TUE_1200,False,0
F027,TUE_1400,False,0
F027,TUE_1500,False,0
F027,TUE_1600,False,0
F027,WED_0900,True,5
F027,WED_1000,True,5
F027,WED_1100,True,5
F027,WED_1200,True,3
F027,WED_1400,True,3
F027,WED_1500,True,3
F027,WED_1600,False,0
F027,THU_0900,False,0
F027,THU_1000,False,0
F027,THU_1100,False,0
F027,THU_1200,False,0
F027,THU_1400,False,0
F027,THU_1500,False,0
F027,THU_1600,False,0
F027,FRI_0900,True,5
F027,FRI_1000,True,5
F027,FRI_1100,True,5
F027,FRI_1200,True,3
F027,FRI_1400,True,3
F027,FRI_1500,True,3
F027,FRI_1600,False,0
F028,MON_0900,True,3
F028,MON_1000,True,3
F028,MON_1100,True,3
F028,MON_1200,True,3
F028,MON_1400,True,5
F028,MON_1500,True,5
F028,MON_1600,True,5
F028,TUE_0900,True,3
F028,TUE_1000,True,3
F028,TUE_1100,True,3
F028,TUE_1200,True,3
F028,TUE_1400,False,0
F028,TUE_1500,True,5
F028,TUE_1600,True,5
F028,WED_0900,False,0
F028,WED_1000,True,3
F028,WED_1100,False,0
F028,WED_1200,True,3
F028,WED_1400,True,5
F028,WED_1500,True,5
F028,WED_1600,True,5
F028,THU_0900,True,3
F028,THU_1000,True,3
F028,THU_1100,True,3
F028,THU_1200,True,3
F028,THU_1400,True,5
F028,THU_1500,False,0
F028,THU_1600,True,5
F028,FRI_0900,True,3
F028,FRI_1000,True,3
F028,FRI_1100,True,3
F028,FRI_1200,True,3
F028,FRI_1400,False,0
F028,FRI_1500,True,5
F028,FRI_1600,True,5
F029,MON_0900,True,4
F029,MON_1000,True,3
F029,MON_1100,True,5
F029,MON_1200,False,0
F029,MON_1400,True,5
F029,MON_1500,False,0
F029,MON_1600,True,3
F029,TUE_0900,True,4
F029,TUE_1000,False,0
F029,TUE_1100,True,3
F029,TUE_1200,True,5
F029,TUE_1400,True,4
F029,TUE_1500,True,4
F029,TUE_1600,True,4
F029,WED_0900,True,5
F029,WED_1000,True,5
F029,WED_1100,True,4
F029,WED_1200,True,5
F029,WED_1400,True,3
F029,WED_1500,True,3
F029,WED_1600,True,3
F029,THU_0900,True,4
F029,THU_1000,True,5
F029,THU_1100,True,4
F029,THU_1200,True,3
F029,THU_1400,True,3
F029,THU_1500,True,5
F029,THU_1600,True,3
F029,FRI_0900,True,4
F029,FRI_1000,True,3
F029,FRI_1100,True,3
F029,FRI_1200,True,3
F029,FRI_1400,True,5
F029,FRI_1500,True,3
F029,FRI_1600,True,3
F030,MON_0900,True,5
F030,MON_1000,True,5
F030,MON_1100,True,5
F030,MON_1200,True,3
F030,MON_1400,False,0
F030,MON_1500,True,3
F030,MON_1600,True,3
F030,TUE_0900,True,5
F030,TUE_1000,True,5
F030,TUE_1100,True,5
F030,TUE_1200,True,3
F030,TUE_1400,True,3
F030,TUE_1500,True,3
F030,TUE_1600,True,3
F030,WED_0900,True,5
F030,WED_1000,True,5
F030,WED_1100,True,5
F030,WED_1200,True,3
F030,WED_1400,False,0
F030,WED_1500,True,3
F030,WED_1600,True,3
F030,THU_0900,True,5
F030,THU_1000,True,5
F030,THU_1100,True,5
F030,THU_1200,True,3
F030,THU_1400,True,3
F030,THU_1500,True,3
F030,THU_1600,True,3
F030,FRI_0900,True,5
F030,FRI_1000,True,5
F030,FRI_1100,True,5
F030,FRI_1200,True,3
F030,FRI_1400,True,3
F030,FRI_1500,True,3
F030,FRI_1600,True,3
F031,MON_0900,True,3
F031,MON_1000,True,3
F031,MON_1100,True,3
F031,MON_1200,True,3
F031,MON_1400,True,5
F031,MON_1500,True,5
F031,MON_1600,False,0
F031,TUE_0900,False,0
F031,TUE_1000,False,0
F031,TUE_1100,False,0
F031,TUE_1200,False,0
F031,TUE_1400,False,0
F031,TUE_1500,False,0
F031,TUE_1600,False,0
F031,WED_0900,True,3
F031,WED_1000,True,3
F031,WED_1100,True,3
F031,WED_1200,True,3
F031,WED_1400,True,5
F031,WED_1500,True,5
F031,WED_1600,False,0
F031,THU_0900,False,0
F031,THU_1000,False,0
F031,THU_1100,False,0
F031,THU_1200,False,0
F031,THU_1400,False,0
F031,THU_1500,False,0
F031,THU_1600,False,0
F031,FRI_0900,True,3
F031,FRI_1000,True,3
F031,FRI_1100,True,3
F031,FRI_1200,True,3
F031,FRI_1400,True,5
F031,FRI_1500,True,5
F031,FRI_1600,False,0
F032,MON_0900,True,4
F032,MON_1000,True,3
F032,MON_1100,True,3
F032,MON_1200,True,4
F032,MON_1400,True,3
F032,MON_1500,True,4
F032,MON_1600,True,5
F032,TUE_0900,False,0
F032,TUE_1000,True,4
F032,TUE_1100,False,0
F032,TUE_1200,True,3
F032,TUE_1400,False,0
F032,TUE_1500,True,5
F032,TUE_1600,True,3
F032,WED_0900,True,5
F032,WED_1000,True,5
F032,WED_1100,True,3
F032,WED_1200,True,4
F032,WED_1400,True,3
F032,WED_1500,True,3
F032,WED_1600,True,3
F032,THU_0900,True,4
F032,THU_1000,True,5
F032,THU_1100,True,3
F032,THU_1200,True,3
F032,THU_1400,True,4
F032,THU_1500,True,5
F032,THU_1600,True,4
F032,FRI_0900,True,5
F032,FRI_1000,True,4
F032,FRI_1100,False,0
F032,FRI_1200,True,4
F032,FRI_1400,True,4
F032,FRI_1500,True,4
F032,FRI_1600,True,3
F033,MON_0900,True,5
F033,MON_1000,True,5
F033,MON_1100,True,5
F033,MON_1200,True,3
F033,MON_1400,True,3
F033,MON_1500,True,3
F033,MON_1600,True,3
F033,TUE_0900,True,5
F033,TUE_1000,True,5
F033,TUE_1100,True,5
F033,TUE_1200,True,3
F033,TUE_1400,True,3
F033,TUE_1500,True,3
F033,TUE_1600,True,3
F033,WED_0900,True,5
F033,WED_1000,True,5
F033,WED_1100,True,5
F033,WED_1200,True,3
F033,WED_1400,True,3
F033,WED_1500,True,3
F033,WED_1600,True,3
F033,THU_0900,True,5
F033,THU_1000,True,5
F033,THU_1100,True,5
F033,THU_1200,True,3
F033,THU_1400,True,3
F033,THU_1500,True,3
F033,THU_1600,False,0
F033,FRI_0900,False,0
F033,FRI_1000,True,5
F033,FRI_1100,True,5
F033,FRI_1200,True,3
F033,FRI_1400,True,3
F033,FRI_1500,True,3
F033,FRI_1600,True,3
F034,MON_0900,True,3
F034,MON_1000,True,3
F034,MON_1100,False,0
F034,MON_1200,True,3
F034,MON_1400,True,5
F034,MON_1500,True,5
F034,MON_1600,True,5
F034,TUE_0900,True,3
F034,TUE_1000,True,3
F034,TUE_1100,True,3
F034,TUE_1200,False,0
F034,TUE_1400,True,5
F034,TUE_1500,False,0
F034,TUE_1600,True,5
F034,WED_0900,True,3
F034,WED_1000,True,3
F034,WED_1100,False,0
F034,WED_1200,True,3
F034,WED_1400,True,5
F034,WED_1500,True,5
F034,WED_1600,True,5
F034,THU_0900,True,3
F034,THU_1000,False,0
F034,THU_1100,True,3
F034,THU_1200,True,3
F034,THU_1400,True,5
F034,THU_1500,True,5
F034,THU_1600,True,5
F034,FRI_0900,True,3
F034,FRI_1000,True,3
F034,FRI_1100,True,3
F034,FRI_1200,True,3
F034,FRI_1400,True,5
F034,FRI_1500,True,5
F034,FRI_1600,True,5
F035,MON_0900,True,5
F035,MON_1000,True,5
F035,MON_1100,True,3
F035,MON_1200,True,4
F035,MON_1400,True,3
F035,MON_1500,True,5
F035,MON_1600,True,4
F035,TUE_0900,True,5
F035,TUE_1000,True,5
F035,TUE_1100,True,3
F035,TUE_1200,True,3
F035,TUE_1400,True,5
F035,TUE_1500,True,4
F035,TUE_1600,True,3
F035,WED_0900,True,4
F035,WED_1000,True,5
F035,WED_1100,True,3
F035,WED_1200,True,4
F035,WED_1400,False,0
F035,WED_1500,True,3
F035,WED_1600,True,5
F035,THU_0900,True,3
F035,THU_1000,True,5
F035,THU_1100,True,4
F035,THU_1200,True,5
F035,THU_1400,True,5
F035,THU_1500,True,5
F035,THU_1600,True,5
F035,FRI_0900,True,4
F035,FRI_1000,False,0
F035,FRI_1100,True,3
F035,FRI_1200,True,5
F035,FRI_1400,True,4
F035,FRI_1500,True,4
F035,FRI_1600,False,0
F036,MON_0900,True,5
F036,MON_1000,True,5
F036,MON_1100,True,5
F036,MON_1200,True,3
F036,MON_1400,True,3
F036,MON_1500,True,3
F036,MON_1600,True,3
F036,TUE_0900,True,5
F036,TUE_1000,False,0
F036,TUE_1100,True,5
F036,TUE_1200,True,3
F036,TUE_1400,True,3
F036,TUE_1500,False,0
F036,TUE_1600,True,3
F036,WED_0900,True,5
F036,WED_1000,True,5
F036,WED_1100,True,5
F036,WED_1200,True,3
F036,WED_1400,True,3
F036,WED_1500,False,0
F036,WED_1600,True,3
F036,THU_0900,True,5
F036,THU_1000,True,5
F036,THU_1100,True,5
F036,THU_1200,True,3
F036,THU_1400,True,3
F036,THU_1500,True,3
F036,THU_1600,True,3
F036,FRI_0900,False,0
F036,FRI_1000,True,5
F036,FRI_1100,False,0
F036,FRI_1200,True,3
F036,FRI_1400,True,3
F036,FRI_1500,True,3
F036,FRI_1600,True,3
F037,MON_0900,True,3
F037,MON_1000,False,0
F037,MON_1100,True,3
F037,MON_1200,True,3
F037,MON_1400,True,5
F037,MON_1500,True,5
F037,MON_1600,True,5
F037,TUE_0900,True,3
F037,TUE_1000,True,3
F037,TUE_1100,True,3
F037,TUE_1200,True,3
F037,TUE_1400,False,0
F037,TUE_1500,True,5
F037,TUE_1600,True,5
F037,WED_0900,True,3
F037,WED_1000,False,0
F037,WED_1100,True,3
F037,WED_1200,True,3
F037,WED_1400,True,5
F037,WED_1500,True,5
F037,WED_1600,True,5
F037,THU_0900,True,3
F037,THU_1000,True,3
F037,THU_1100,True,3
F037,THU_1200,True,3
F037,THU_1400,True,5
F037,THU_1500,True,5
F037,THU_1600,True,5
F037,FRI_0900,True,3
F037,FRI_1000,True,3
F037,FRI_1100,True,3
F037,FRI_1200,True,3
F037,FRI_1400,True,5
F037,FRI_1500,True,5
F037,FRI_1600,True,5
F038,MON_0900,True,4
F038,MON_1000,True,4
F038,MON_1100,True,4
F038,MON_1200,True,5
F038,MON_1400,True,5
F038,MON_1500,True,4
F038,MON_1600,True,4
F038,TUE_0900,True,5
F038,TUE_1000,True,5
F038,TUE_1100,True,5
F038,TUE_1200,False,0
F038,TUE_1400,True,5
F038,TUE_1500,True,4
F038,TUE_1600,True,3
F038,WED_0900,True,4
F038,WED_1000,True,3
F038,WED_1100,True,3
F038,WED_1200,True,3
F038,WED_1400,True,4
F038,WED_1500,False,0
F038,WED_1600,True,4
F038,THU_0900,True,5
F038,THU_1000,True,5
F038,THU_1100,True,3
F038,THU_1200,True,4
F038,THU_1400,True,5
F038,THU_1500,True,3
F038,THU_1600,True,3
F038,FRI_0900,True,4
F038,FRI_1000,True,5
F038,FRI_1100,False,0
F038,FRI_1200,True,5
F038,FRI_1400,True,4
F038,FRI_1500,True,4
F038,FRI_1600,True,3
F039,MON_0900,True,5
F039,MON_1000,True,5
F039,MON_1100,True,5
F039,MON_1200,True,3
F039,MON_1400,True,3
F039,MON_1500,True,3
F039,MON_1600,True,3
F039,TUE_0900,True,5
F039,TUE_1000,True,5
F039,TUE_1100,True,5
F039,TUE_1200,True,3
F039,TUE_1400,False,0
F039,TUE_1500,True,3
F039,TUE_1600,True,3
F039,WED_0900,True,5
F039,WED_1000,True,5
F039,WED_1100,True,5
F039,WED_1200,True,3
F039,WED_1400,True,3
F039,WED_1500,True,3
F039,WED_1600,True,3
F039,THU_0900,True,5
F039,THU_1000,True,5
F039,THU_1100,True,5
F039,THU_1200,True,3
F039,THU_1400,True,3
F039,THU_1500,True,3
F039,THU_1600,True,3
F039,FRI_0900,True,5
F039,FRI_1000,True,5
F039,FRI_1100,True,5
F039,FRI_1200,True,3
F039,FRI_1400,True,3
F039,FRI_1500,True,3
F039,FRI_1600,True,3
F040,MON_0900,True,3
F040,MON_1000,True,3
F040,MON_1100,True,3
F040,MON_1200,True,3
F040,MON_1400,True,5
F040,MON_1500,True,5
F040,MON_1600,True,5
F040,TUE_0900,True,3
F040,TUE_1000,True,3
F040,TUE_1100,False,0
F040,TUE_1200,True,3
F040,TUE_1400,True,5
F040,TUE_1500,True,5
F040,TUE_1600,True,5
F040,WED_0900,True,3
F040,WED_1000,True,3
F040,WED_1100,True,3
F040,WED_1200,True,3
F040,WED_1400,False,0
F040,WED_1500,True,5
F040,WED_1600,True,5
F040,THU_0900,True,3
F040,THU_1000,True,3
F040,THU_1100,True,3
F040,THU_1200,True,3
F040,THU_1400,True,5
F040,THU_1500,True,5
F040,THU_1600,True,5
F040,FRI_0900,True,3
F040,FRI_1000,True,3
F040,FRI_1100,True,3
F040,FRI_1200,True,3
F040,FRI_1400,True,5
F040,FRI_1500,True,5
F040,FRI_1600,True,5
