student_id,student_name,program_id,branch,year,section_id
STU0001,Student_0001,P01,CSE,1,S_CSE_1_A
STU0002,Student_0002,P01,CSE,1,S_CSE_1_A
STU0003,Student_0003,P01,CSE,1,S_CSE_1_A
STU0004,Student_0004,P01,CSE,1,S_CSE_1_A
STU0005,Student_0005,P01,CSE,1,S_CSE_1_A
STU0006,Student_0006,P01,CSE,1,S_CSE_1_A
STU0007,Student_0007,P01,CSE,1,S_CSE_1_A
STU0008,Student_0008,P01,CSE,1,S_CSE_1_A
STU0009,Student_0009,P01,CSE,1,S_CSE_1_A
STU0010,Student_0010,P01,CSE,1,S_CSE_1_A
STU0011,Student_0011,P01,CSE,1,S_CSE_1_A
STU0012,Student_0012,P01,CSE,1,S_CSE_1_A
STU0013,Student_0013,P01,CSE,1,S_CSE_1_A
STU0014,Student_0014,P01,CSE,1,S_CSE_1_A
STU0015,Student_0015,P01,CSE,1,S_CSE_1_A
STU0016,Student_0016,P01,CSE,1,S_CSE_1_A
STU0017,Student_0017,P01,CSE,1,S_CSE_1_A
STU0018,Student_0018,P01,CSE,1,S_CSE_1_A
STU0019,Student_0019,P01,CSE,1,S_CSE_1_A
STU0020,Student_0020,P01,CSE,1,S_CSE_1_A
STU0021,Student_0021,P01,CSE,1,S_CSE_1_A
STU0022,Student_0022,P01,CSE,1,S_CSE_1_A
STU0023,Student_0023,P01,CSE,1,S_CSE_1_A
STU0024,Student_0024,P01,CSE,1,S_CSE_1_A
STU0025,Student_0025,P01,CSE,1,S_CSE_1_A
STU0026,Student_0026,P01,CSE,1,S_CSE_1_A
STU0027,Student_0027,P01,CSE,1,S_CSE_1_A
STU0028,Student_0028,P01,CSE,1,S_CSE_1_A
STU0029,Student_0029,P01,CSE,1,S_CSE_1_A
STU0030,Student_0030,P01,CSE,1,S_CSE_1_A
STU0031,Student_0031,P01,CSE,1,S_CSE_1_A
STU0032,Student_0032,P01,CSE,1,S_CSE_1_A
STU0033,Student_0033,P01,CSE,1,S_CSE_1_A
STU0034,Student_0034,P01,CSE,1,S_CSE_1_A
STU0035,Student_0035,P01,CSE,1,S_CSE_1_A
STU0036,Student_0036,P01,CSE,1,S_CSE_1_A
STU0037,Student_0037,P01,CSE,1,S_CSE_1_A
STU0038,Student_0038,P01,CSE,1,S_CSE_1_A
STU0039,Student_0039,P01,CSE,1,S_CSE_1_A
STU0040,Student_0040,P01,CSE,1,S_CSE_1_A
STU0041,Student_0041,P01,CSE,1,S_CSE_1_A
STU0042,Student_0042,P01,CSE,1,S_CSE_1_A
STU0043,Student_0043,P01,CSE,1,S_CSE_1_A
STU0044,Student_0044,P01,CSE,1,S_CSE_1_A
STU0045,Student_0045,P01,CSE,1,S_CSE_1_A
STU0046,Student_0046,P01,CSE,1,S_CSE_1_A
STU0047,Student_0047,P01,CSE,1,S_CSE_1_A
STU0048,Student_0048,P01,CSE,1,S_CSE_1_A
STU0049,Student_0049,P01,CSE,1,S_CSE_1_A
STU0050,Student_0050,P01,CSE,1,S_CSE_1_A
STU0051,Student_0051,P01,CSE,1,S_CSE_1_A
STU0052,Student_0052,P01,CSE,1,S_CSE_1_A
STU0053,Student_0053,P01,CSE,1,S_CSE_1_A
STU0054,Student_0054,P01,CSE,1,S_CSE_1_A
STU0055,Student_0055,P01,CSE,1,S_CSE_1_A
STU0056,Student_0056,P01,CSE,1,S_CSE_1_A
STU0057,Student_0057,P01,CSE,1,S_CSE_1_A
STU0058,Student_0058,P01,CSE,1,S_CSE_1_A
STU0059,Student_0059,P01,CSE,1,S_CSE_1_A
STU0060,Student_0060,P01,CSE,1,S_CSE_1_A
STU0061,Student_0061,P01,CSE,1,S_CSE_1_A
STU0062,Student_0062,P01,CSE,1,S_CSE_1_A
STU0063,Student_0063,P01,CSE,1,S_CSE_1_A
STU0064,Student_0064,P01,CSE,1,S_CSE_1_A
STU0065,Student_0065,P01,CSE,1,S_CSE_1_A
STU0066,Student_0066,P02,ECE,1,S_ECE_1_A
STU0067,Student_0067,P02,ECE,1,S_ECE_1_A
STU0068,Student_0068,P02,ECE,1,S_ECE_1_A
STU0069,Student_0069,P02,ECE,1,S_ECE_1_A
STU0070,Student_0070,P02,ECE,1,S_ECE_1_A
STU0071,Student_0071,P02,ECE,1,S_ECE_1_A
STU0072,Student_0072,P02,ECE,1,S_ECE_1_A
STU0073,Student_0073,P02,ECE,1,S_ECE_1_A
STU0074,Student_0074,P02,ECE,1,S_ECE_1_A
STU0075,Student_0075,P02,ECE,1,S_ECE_1_A
STU0076,Student_0076,P02,ECE,1,S_ECE_1_A
STU0077,Student_0077,P02,ECE,1,S_ECE_1_A
STU0078,Student_0078,P02,ECE,1,S_ECE_1_A
STU0079,Student_0079,P02,ECE,1,S_ECE_1_A
STU0080,Student_0080,P02,ECE,1,S_ECE_1_A
STU0081,Student_0081,P02,ECE,1,S_ECE_1_A
STU0082,Student_0082,P02,ECE,1,S_ECE_1_A
STU0083,Student_0083,P02,ECE,1,S_ECE_1_A
STU0084,Student_0084,P02,ECE,1,S_ECE_1_A
STU0085,Student_0085,P02,ECE,1,S_ECE_1_A
STU0086,Student_0086,P02,ECE,1,S_ECE_1_A
STU0087,Student_0087,P02,ECE,1,S_ECE_1_A
STU0088,Student_0088,P02,ECE,1,S_ECE_1_A
STU0089,Student_0089,P02,ECE,1,S_ECE_1_A
STU0090,Student_0090,P02,ECE,1,S_ECE_1_A
STU0091,Student_0091,P02,ECE,1,S_ECE_1_A
STU0092,Student_0092,P02,ECE,1,S_ECE_1_A
STU0093,Student_0093,P02,ECE,1,S_ECE_1_A
STU0094,Student_0094,P02,ECE,1,S_ECE_1_A
STU0095,Student_0095,P02,ECE,1,S_ECE_1_A
STU0096,Student_0096,P02,ECE,1,S_ECE_1_A
STU0097,Student_0097,P02,ECE,1,S_ECE_1_A
STU0098,Student_0098,P02,ECE,1,S_ECE_1_A
STU0099,Student_0099,P02,ECE,1,S_ECE_1_A
STU0100,Student_0100,P02,ECE,1,S_ECE_1_A
STU0101,Student_0101,P02,ECE,1,S_ECE_1_A
STU0102,Student_0102,P02,ECE,1,S_ECE_1_A
STU0103,Student_0103,P02,ECE,1,S_ECE_1_A
STU0104,Student_0104,P02,ECE,1,S_ECE_1_A
STU0105,Student_0105,P02,ECE,1,S_ECE_1_A
STU0106,Student_0106,P02,ECE,1,S_ECE_1_A
STU0107,Student_0107,P02,ECE,1,S_ECE_1_A
STU0108,Student_0108,P02,ECE,1,S_ECE_1_A
STU0109,Student_0109,P02,ECE,1,S_ECE_1_A
STU0110,Student_0110,P02,ECE,1,S_ECE_1_A
STU0111,Student_0111,P02,ECE,1,S_ECE_1_A
STU0112,Student_0112,P02,ECE,1,S_ECE_1_A
STU0113,Student_0113,P02,ECE,1,S_ECE_1_A
STU0114,Student_0114,P02,ECE,1,S_ECE_1_A
STU0115,Student_0115,P02,ECE,1,S_ECE_1_A
STU0116,Student_0116,P02,ECE,1,S_ECE_1_A
STU0117,Student_0117,P02,ECE,1,S_ECE_1_A
STU0118,Student_0118,P02,ECE,1,S_ECE_1_A
STU0119,Student_0119,P02,ECE,1,S_ECE_1_A
STU0120,Student_0120,P02,ECE,1,S_ECE_1_A
STU0121,Student_0121,P02,ECE,1,S_ECE_1_A
STU0122,Student_0122,P02,ECE,1,S_ECE_1_A
STU0123,Student_0123,P02,ECE,1,S_ECE_1_A
STU0124,Student_0124,P02,ECE,1,S_ECE_1_A
STU0125,Student_0125,P02,ECE,1,S_ECE_1_A
STU0126,Student_0126,P02,ECE,1,S_ECE_1_A
STU0127,Student_0127,P02,ECE,1,S_ECE_1_A
STU0128,Student_0128,P02,ECE,1,S_ECE_1_A
STU0129,Student_0129,P02,ECE,1,S_ECE_1_A
STU0130,Student_0130,P02,ECE,1,S_ECE_1_A
STU0131,Student_0131,P03,AIML,1,S_AIML_1_A
STU0132,Student_0132,P03,AIML,1,S_AIML_1_A
STU0133,Student_0133,P03,AIML,1,S_AIML_1_A
STU0134,Student_0134,P03,AIML,1,S_AIML_1_A
STU0135,Student_0135,P03,AIML,1,S_AIML_1_A
STU0136,Student_0136,P03,AIML,1,S_AIML_1_A
STU0137,Student_0137,P03,AIML,1,S_AIML_1_A
STU0138,Student_0138,P03,AIML,1,S_AIML_1_A
STU0139,Student_0139,P03,AIML,1,S_AIML_1_A
STU0140,Student_0140,P03,AIML,1,S_AIML_1_A
STU0141,Student_0141,P03,AIML,1,S_AIML_1_A
STU0142,Student_0142,P03,AIML,1,S_AIML_1_A
STU0143,Student_0143,P03,AIML,1,S_AIML_1_A
STU0144,Student_0144,P03,AIML,1,S_AIML_1_A
STU0145,Student_0145,P03,AIML,1,S_AIML_1_A
STU0146,Student_0146,P03,AIML,1,S_AIML_1_A
STU0147,Student_0147,P03,AIML,1,S_AIML_1_A
STU0148,Student_0148,P03,AIML,1,S_AIML_1_A
STU0149,Student_0149,P03,AIML,1,S_AIML_1_A
STU0150,Student_0150,P03,AIML,1,S_AIML_1_A
STU0151,Student_0151,P03,AIML,1,S_AIML_1_A
STU0152,Student_0152,P03,AIML,1,S_AIML_1_A
STU0153,Student_0153,P03,AIML,1,S_AIML_1_A
STU0154,Student_0154,P03,AIML,1,S_AIML_1_A
STU0155,Student_0155,P03,AIML,1,S_AIML_1_A
STU0156,Student_0156,P03,AIML,1,S_AIML_1_A
STU0157,Student_0157,P03,AIML,1,S_AIML_1_A
STU0158,Student_0158,P03,AIML,1,S_AIML_1_A
STU0159,Student_0159,P03,AIML,1,S_AIML_1_A
STU0160,Student_0160,P03,AIML,1,S_AIML_1_A
STU0161,Student_0161,P03,AIML,1,S_AIML_1_A
STU0162,Student_0162,P03,AIML,1,S_AIML_1_A
STU0163,Student_0163,P03,AIML,1,S_AIML_1_A
STU0164,Student_0164,P03,AIML,1,S_AIML_1_A
STU0165,Student_0165,P03,AIML,1,S_AIML_1_A
STU0166,Student_0166,P03,AIML,1,S_AIML_1_A
STU0167,Student_0167,P03,AIML,1,S_AIML_1_A
STU0168,Student_0168,P03,AIML,1,S_AIML_1_A
STU0169,Student_0169,P03,AIML,1,S_AIML_1_A
STU0170,Student_0170,P03,AIML,1,S_AIML_1_A
STU0171,Student_0171,P03,AIML,1,S_AIML_1_A
STU0172,Student_0172,P03,AIML,1,S_AIML_1_A
STU0173,Student_0173,P03,AIML,1,S_AIML_1_A
STU0174,Student_0174,P03,AIML,1,S_AIML_1_A
STU0175,Student_0175,P03,AIML,1,S_AIML_1_A
STU0176,Student_0176,P03,AIML,1,S_AIML_1_A
STU0177,Student_0177,P03,AIML,1,S_AIML_1_A
STU0178,Student_0178,P03,AIML,1,S_AIML_1_A
STU0179,Student_0179,P03,AIML,1,S_AIML_1_A
STU0180,Student_0180,P03,AIML,1,S_AIML_1_A
STU0181,Student_0181,P03,AIML,1,S_AIML_1_A
STU0182,Student_0182,P03,AIML,1,S_AIML_1_A
STU0183,Student_0183,P03,AIML,1,S_AIML_1_A
STU0184,Student_0184,P03,AIML,1,S_AIML_1_A
STU0185,Student_0185,P03,AIML,1,S_AIML_1_A
STU0186,Student_0186,P03,AIML,1,S_AIML_1_A
STU0187,Student_0187,P03,AIML,1,S_AIML_1_A
STU0188,Student_0188,P03,AIML,1,S_AIML_1_A
STU0189,Student_0189,P03,AIML,1,S_AIML_1_A
STU0190,Student_0190,P03,AIML,1,S_AIML_1_A
STU0191,Student_0191,P04,AR,1,S_AR_1_A
STU0192,Student_0192,P04,AR,1,S_AR_1_A
STU0193,Student_0193,P04,AR,1,S_AR_1_A
STU0194,Student_0194,P04,AR,1,S_AR_1_A
STU0195,Student_0195,P04,AR,1,S_AR_1_A
STU0196,Student_0196,P04,AR,1,S_AR_1_A
STU0197,Student_0197,P04,AR,1,S_AR_1_A
STU0198,Student_0198,P04,AR,1,S_AR_1_A
STU0199,Student_0199,P04,AR,1,S_AR_1_A
STU0200,Student_0200,P04,AR,1,S_AR_1_A
STU0201,Student_0201,P04,AR,1,S_AR_1_A
STU0202,Student_0202,P04,AR,1,S_AR_1_A
STU0203,Student_0203,P04,AR,1,S_AR_1_A
STU0204,Student_0204,P04,AR,1,S_AR_1_A
STU0205,Student_0205,P04,AR,1,S_AR_1_A
STU0206,Student_0206,P04,AR,1,S_AR_1_A
STU0207,Student_0207,P04,AR,1,S_AR_1_A
STU0208,Student_0208,P04,AR,1,S_AR_1_A
STU0209,Student_0209,P04,AR,1,S_AR_1_A
STU0210,Student_0210,P04,AR,1,S_AR_1_A
STU0211,Student_0211,P04,AR,1,S_AR_1_A
STU0212,Student_0212,P04,AR,1,S_AR_1_A
STU0213,Student_0213,P04,AR,1,S_AR_1_A
STU0214,Student_0214,P04,AR,1,S_AR_1_A
STU0215,Student_0215,P04,AR,1,S_AR_1_A
STU0216,Student_0216,P04,AR,1,S_AR_1_A
STU0217,Student_0217,P04,AR,1,S_AR_1_A
STU0218,Student_0218,P04,AR,1,S_AR_1_A
STU0219,Student_0219,P04,AR,1,S_AR_1_A
STU0220,Student_0220,P04,AR,1,S_AR_1_A
STU0221,Student_0221,P04,AR,1,S_AR_1_A
STU0222,Student_0222,P04,AR,1,S_AR_1_A
STU0223,Student_0223,P04,AR,1,S_AR_1_A
STU0224,Student_0224,P04,AR,1,S_AR_1_A
STU0225,Student_0225,P04,AR,1,S_AR_1_A
STU0226,Student_0226,P04,AR,1,S_AR_1_A
STU0227,Student_0227,P04,AR,1,S_AR_1_A
STU0228,Student_0228,P04,AR,1,S_AR_1_A
STU0229,Student_0229,P04,AR,1,S_AR_1_A
STU0230,Student_0230,P04,AR,1,S_AR_1_A
STU0231,Student_0231,P04,AR,1,S_AR_1_A
STU0232,Student_0232,P04,AR,1,S_AR_1_A
STU0233,Student_0233,P04,AR,1,S_AR_1_A
STU0234,Student_0234,P04,AR,1,S_AR_1_A
STU0235,Student_0235,P04,AR,1,S_AR_1_A
STU0236,Student_0236,P04,AR,1,S_AR_1_A
STU0237,Student_0237,P04,AR,1,S_AR_1_A
STU0238,Student_0238,P04,AR,1,S_AR_1_A
STU0239,Student_0239,P04,AR,1,S_AR_1_A
STU0240,Student_0240,P04,AR,1,S_AR_1_A
STU0241,Student_0241,P04,AR,1,S_AR_1_A
STU0242,Student_0242,P04,AR,1,S_AR_1_A
STU0243,Student_0243,P04,AR,1,S_AR_1_A
STU0244,Student_0244,P04,AR,1,S_AR_1_A
STU0245,Student_0245,P04,AR,1,S_AR_1_A
STU0246,Student_0246,P04,AR,1,S_AR_1_A
STU0247,Student_0247,P04,AR,1,S_AR_1_A
STU0248,Student_0248,P04,AR,1,S_AR_1_A
STU0249,Student_0249,P04,AR,1,S_AR_1_A
STU0250,Student_0250,P04,AR,1,S_AR_1_A
STU0251,Student_0251,P01,CSE,2,S_CSE_2_A
STU0252,Student_0252,P01,CSE,2,S_CSE_2_A
STU0253,Student_0253,P01,CSE,2,S_CSE_2_A
STU0254,Student_0254,P01,CSE,2,S_CSE_2_A
STU0255,Student_0255,P01,CSE,2,S_CSE_2_A
STU0256,Student_0256,P01,CSE,2,S_CSE_2_A
STU0257,Student_0257,P01,CSE,2,S_CSE_2_A
STU0258,Student_0258,P01,CSE,2,S_CSE_2_A
STU0259,Student_0259,P01,CSE,2,S_CSE_2_A
STU0260,Student_0260,P01,CSE,2,S_CSE_2_A
STU0261,Student_0261,P01,CSE,2,S_CSE_2_A
STU0262,Student_0262,P01,CSE,2,S_CSE_2_A
STU0263,Student_0263,P01,CSE,2,S_CSE_2_A
STU0264,Student_0264,P01,CSE,2,S_CSE_2_A
STU0265,Student_0265,P01,CSE,2,S_CSE_2_A
STU0266,Student_0266,P01,CSE,2,S_CSE_2_A
STU0267,Student_0267,P01,CSE,2,S_CSE_2_A
STU0268,Student_0268,P01,CSE,2,S_CSE_2_A
STU0269,Student_0269,P01,CSE,2,S_CSE_2_A
STU0270,Student_0270,P01,CSE,2,S_CSE_2_A
STU0271,Student_0271,P01,CSE,2,S_CSE_2_A
STU0272,Student_0272,P01,CSE,2,S_CSE_2_A
STU0273,Student_0273,P01,CSE,2,S_CSE_2_A
STU0274,Student_0274,P01,CSE,2,S_CSE_2_A
STU0275,Student_0275,P01,CSE,2,S_CSE_2_A
STU0276,Student_0276,P01,CSE,2,S_CSE_2_A
STU0277,Student_0277,P01,CSE,2,S_CSE_2_A
STU0278,Student_0278,P01,CSE,2,S_CSE_2_A
STU0279,Student_0279,P01,CSE,2,S_CSE_2_A
STU0280,Student_0280,P01,CSE,2,S_CSE_2_A
STU0281,Student_0281,P01,CSE,2,S_CSE_2_A
STU0282,Student_0282,P01,CSE,2,S_CSE_2_A
STU0283,Student_0283,P01,CSE,2,S_CSE_2_A
STU0284,Student_0284,P01,CSE,2,S_CSE_2_A
STU0285,Student_0285,P01,CSE,2,S_CSE_2_A
STU0286,Student_0286,P01,CSE,2,S_CSE_2_A
STU0287,Student_0287,P01,CSE,2,S_CSE_2_A
STU0288,Student_0288,P01,CSE,2,S_CSE_2_A
STU0289,Student_0289,P01,CSE,2,S_CSE_2_A
STU0290,Student_0290,P01,CSE,2,S_CSE_2_A
STU0291,Student_0291,P01,CSE,2,S_CSE_2_A
STU0292,Student_0292,P01,CSE,2,S_CSE_2_A
STU0293,Student_0293,P01,CSE,2,S_CSE_2_A
STU0294,Student_0294,P01,CSE,2,S_CSE_2_A
STU0295,Student_0295,P01,CSE,2,S_CSE_2_A
STU0296,Student_0296,P01,CSE,2,S_CSE_2_A
STU0297,Student_0297,P01,CSE,2,S_CSE_2_A
STU0298,Student_0298,P01,CSE,2,S_CSE_2_A
STU0299,Student_0299,P01,CSE,2,S_CSE_2_A
STU0300,Student_0300,P01,CSE,2,S_CSE_2_A
STU0301,Student_0301,P01,CSE,2,S_CSE_2_A
STU0302,Student_0302,P01,CSE,2,S_CSE_2_A
STU0303,Student_0303,P01,CSE,2,S_CSE_2_A
STU0304,Student_0304,P01,CSE,2,S_CSE_2_A
STU0305,Student_0305,P01,CSE,2,S_CSE_2_A
STU0306,Student_0306,P01,CSE,2,S_CSE_2_A
STU0307,Student_0307,P01,CSE,2,S_CSE_2_A
STU0308,Student_0308,P01,CSE,2,S_CSE_2_A
STU0309,Student_0309,P01,CSE,2,S_CSE_2_A
STU0310,Student_0310,P01,CSE,2,S_CSE_2_A
STU0311,Student_0311,P01,CSE,2,S_CSE_2_A
STU0312,Student_0312,P01,CSE,2,S_CSE_2_A
STU0313,Student_0313,P01,CSE,2,S_CSE_2_A
STU0314,Student_0314,P01,CSE,2,S_CSE_2_A
STU0315,Student_0315,P01,CSE,2,S_CSE_2_A
STU0316,Student_0316,P02,ECE,2,S_ECE_2_A
STU0317,Student_0317,P02,ECE,2,S_ECE_2_A
STU0318,Student_0318,P02,ECE,2,S_ECE_2_A
STU0319,Student_0319,P02,ECE,2,S_ECE_2_A
STU0320,Student_0320,P02,ECE,2,S_ECE_2_A
STU0321,Student_0321,P02,ECE,2,S_ECE_2_A
STU0322,Student_0322,P02,ECE,2,S_ECE_2_A
STU0323,Student_0323,P02,ECE,2,S_ECE_2_A
STU0324,Student_0324,P02,ECE,2,S_ECE_2_A
STU0325,Student_0325,P02,ECE,2,S_ECE_2_A
STU0326,Student_0326,P02,ECE,2,S_ECE_2_A
STU0327,Student_0327,P02,ECE,2,S_ECE_2_A
STU0328,Student_0328,P02,ECE,2,S_ECE_2_A
STU0329,Student_0329,P02,ECE,2,S_ECE_2_A
STU0330,Student_0330,P02,ECE,2,S_ECE_2_A
STU0331,Student_0331,P02,ECE,2,S_ECE_2_A
STU0332,Student_0332,P02,ECE,2,S_ECE_2_A
STU0333,Student_0333,P02,ECE,2,S_ECE_2_A
STU0334,Student_0334,P02,ECE,2,S_ECE_2_A
STU0335,Student_0335,P02,ECE,2,S_ECE_2_A
STU0336,Student_0336,P02,ECE,2,S_ECE_2_A
STU0337,Student_0337,P02,ECE,2,S_ECE_2_A
STU0338,Student_0338,P02,ECE,2,S_ECE_2_A
STU0339,Student_0339,P02,ECE,2,S_ECE_2_A
STU0340,Student_0340,P02,ECE,2,S_ECE_2_A
STU0341,Student_0341,P02,ECE,2,S_ECE_2_A
STU0342,Student_0342,P02,ECE,2,S_ECE_2_A
STU0343,Student_0343,P02,ECE,2,S_ECE_2_A
STU0344,Student_0344,P02,ECE,2,S_ECE_2_A
STU0345,Student_0345,P02,ECE,2,S_ECE_2_A
STU0346,Student_0346,P02,ECE,2,S_ECE_2_A
STU0347,Student_0347,P02,ECE,2,S_ECE_2_A
STU0348,Student_0348,P02,ECE,2,S_ECE_2_A
STU0349,Student_0349,P02,ECE,2,S_ECE_2_A
STU0350,Student_0350,P02,ECE,2,S_ECE_2_A
STU0351,Student_0351,P02,ECE,2,S_ECE_2_A
STU0352,Student_0352,P02,ECE,2,S_ECE_2_A
STU0353,Student_0353,P02,ECE,2,S_ECE_2_A
STU0354,Student_0354,P02,ECE,2,S_ECE_2_A
STU0355,Student_0355,P02,ECE,2,S_ECE_2_A
STU0356,Student_0356,P02,ECE,2,S_ECE_2_A
STU0357,Student_0357,P02,ECE,2,S_ECE_2_A
STU0358,Student_0358,P02,ECE,2,S_ECE_2_A
STU0359,Student_0359,P02,ECE,2,S_ECE_2_A
STU0360,Student_0360,P02,ECE,2,S_ECE_2_A
STU0361,Student_0361,P02,ECE,2,S_ECE_2_A
STU0362,Student_0362,P02,ECE,2,S_ECE_2_A
STU0363,Student_0363,P02,ECE,2,S_ECE_2_A
STU0364,Student_0364,P02,ECE,2,S_ECE_2_A
STU0365,Student_0365,P02,ECE,2,S_ECE_2_A
STU0366,Student_0366,P02,ECE,2,S_ECE_2_A
STU0367,Student_0367,P02,ECE,2,S_ECE_2_A
STU0368,Student_0368,P02,ECE,2,S_ECE_2_A
STU0369,Student_0369,P02,ECE,2,S_ECE_2_A
STU0370,Student_0370,P02,ECE,2,S_ECE_2_A
STU0371,Student_0371,P02,ECE,2,S_ECE_2_A
STU0372,Student_0372,P02,ECE,2,S_ECE_2_A
STU0373,Student_0373,P02,ECE,2,S_ECE_2_A
STU0374,Student_0374,P02,ECE,2,S_ECE_2_A
STU0375,Student_0375,P02,ECE,2,S_ECE_2_A
STU0376,Student_0376,P02,ECE,2,S_ECE_2_A
STU0377,Student_0377,P02,ECE,2,S_ECE_2_A
STU0378,Student_0378,P02,ECE,2,S_ECE_2_A
STU0379,Student_0379,P02,ECE,2,S_ECE_2_A
STU0380,Student_0380,P02,ECE,2,S_ECE_2_A
STU0381,Student_0381,P03,AIML,2,S_AIML_2_A
STU0382,Student_0382,P03,AIML,2,S_AIML_2_A
STU0383,Student_0383,P03,AIML,2,S_AIML_2_A
STU0384,Student_0384,P03,AIML,2,S_AIML_2_A
STU0385,Student_0385,P03,AIML,2,S_AIML_2_A
STU0386,Student_0386,P03,AIML,2,S_AIML_2_A
STU0387,Student_0387,P03,AIML,2,S_AIML_2_A
STU0388,Student_0388,P03,AIML,2,S_AIML_2_A
STU0389,Student_0389,P03,AIML,2,S_AIML_2_A
STU0390,Student_0390,P03,AIML,2,S_AIML_2_A
STU0391,Student_0391,P03,AIML,2,S_AIML_2_A
STU0392,Student_0392,P03,AIML,2,S_AIML_2_A
STU0393,Student_0393,P03,AIML,2,S_AIML_2_A
STU0394,Student_0394,P03,AIML,2,S_AIML_2_A
STU0395,Student_0395,P03,AIML,2,S_AIML_2_A
STU0396,Student_0396,P03,AIML,2,S_AIML_2_A
STU0397,Student_0397,P03,AIML,2,S_AIML_2_A
STU0398,Student_0398,P03,AIML,2,S_AIML_2_A
STU0399,Student_0399,P03,AIML,2,S_AIML_2_A
STU0400,Student_0400,P03,AIML,2,S_AIML_2_A
STU0401,Student_0401,P03,AIML,2,S_AIML_2_A
STU0402,Student_0402,P03,AIML,2,S_AIML_2_A
STU0403,Student_0403,P03,AIML,2,S_AIML_2_A
STU0404,Student_0404,P03,AIML,2,S_AIML_2_A
STU0405,Student_0405,P03,AIML,2,S_AIML_2_A
STU0406,Student_0406,P03,AIML,2,S_AIML_2_A
STU0407,Student_0407,P03,AIML,2,S_AIML_2_A
STU0408,Student_0408,P03,AIML,2,S_AIML_2_A
STU0409,Student_0409,P03,AIML,2,S_AIML_2_A
STU0410,Student_0410,P03,AIML,2,S_AIML_2_A
STU0411,Student_0411,P03,AIML,2,S_AIML_2_A
STU0412,Student_0412,P03,AIML,2,S_AIML_2_A
STU0413,Student_0413,P03,AIML,2,S_AIML_2_A
STU0414,Student_0414,P03,AIML,2,S_AIML_2_A
STU0415,Student_0415,P03,AIML,2,S_AIML_2_A
STU0416,Student_0416,P03,AIML,2,S_AIML_2_A
STU0417,Student_0417,P03,AIML,2,S_AIML_2_A
STU0418,Student_0418,P03,AIML,2,S_AIML_2_A
STU0419,Student_0419,P03,AIML,2,S_AIML_2_A
STU0420,Student_0420,P03,AIML,2,S_AIML_2_A
STU0421,Student_0421,P03,AIML,2,S_AIML_2_A
STU0422,Student_0422,P03,AIML,2,S_AIML_2_A
STU0423,Student_0423,P03,AIML,2,S_AIML_2_A
STU0424,Student_0424,P03,AIML,2,S_AIML_2_A
STU0425,Student_0425,P03,AIML,2,S_AIML_2_A
STU0426,Student_0426,P03,AIML,2,S_AIML_2_A
STU0427,Student_0427,P03,AIML,2,S_AIML_2_A
STU0428,Student_0428,P03,AIML,2,S_AIML_2_A
STU0429,Student_0429,P03,AIML,2,S_AIML_2_A
STU0430,Student_0430,P03,AIML,2,S_AIML_2_A
STU0431,Student_0431,P03,AIML,2,S_AIML_2_A
STU0432,Student_0432,P03,AIML,2,S_AIML_2_A
STU0433,Student_0433,P03,AIML,2,S_AIML_2_A
STU0434,Student_0434,P03,AIML,2,S_AIML_2_A
STU0435,Student_0435,P03,AIML,2,S_AIML_2_A
STU0436,Student_0436,P03,AIML,2,S_AIML_2_A
STU0437,Student_0437,P03,AIML,2,S_AIML_2_A
STU0438,Student_0438,P03,AIML,2,S_AIML_2_A
STU0439,Student_0439,P03,AIML,2,S_AIML_2_A
STU0440,Student_0440,P03,AIML,2,S_AIML_2_A
STU0441,Student_0441,P04,AR,2,S_AR_2_A
STU0442,Student_0442,P04,AR,2,S_AR_2_A
STU0443,Student_0443,P04,AR,2,S_AR_2_A
STU0444,Student_0444,P04,AR,2,S_AR_2_A
STU0445,Student_0445,P04,AR,2,S_AR_2_A
STU0446,Student_0446,P04,AR,2,S_AR_2_A
STU0447,Student_0447,P04,AR,2,S_AR_2_A
STU0448,Student_0448,P04,AR,2,S_AR_2_A
STU0449,Student_0449,P04,AR,2,S_AR_2_A
STU0450,Student_0450,P04,AR,2,S_AR_2_A
STU0451,Student_0451,P04,AR,2,S_AR_2_A
STU0452,Student_0452,P04,AR,2,S_AR_2_A
STU0453,Student_0453,P04,AR,2,S_AR_2_A
STU0454,Student_0454,P04,AR,2,S_AR_2_A
STU0455,Student_0455,P04,AR,2,S_AR_2_A
STU0456,Student_0456,P04,AR,2,S_AR_2_A
STU0457,Student_0457,P04,AR,2,S_AR_2_A
STU0458,Student_0458,P04,AR,2,S_AR_2_A
STU0459,Student_0459,P04,AR,2,S_AR_2_A
STU0460,Student_0460,P04,AR,2,S_AR_2_A
STU0461,Student_0461,P04,AR,2,S_AR_2_A
STU0462,Student_0462,P04,AR,2,S_AR_2_A
STU0463,Student_0463,P04,AR,2,S_AR_2_A
STU0464,Student_0464,P04,AR,2,S_AR_2_A
STU0465,Student_0465,P04,AR,2,S_AR_2_A
STU0466,Student_0466,P04,AR,2,S_AR_2_A
STU0467,Student_0467,P04,AR,2,S_AR_2_A
STU0468,Student_0468,P04,AR,2,S_AR_2_A
STU0469,Student_0469,P04,AR,2,S_AR_2_A
STU0470,Student_0470,P04,AR,2,S_AR_2_A
STU0471,Student_0471,P04,AR,2,S_AR_2_A
STU0472,Student_0472,P04,AR,2,S_AR_2_A
STU0473,Student_0473,P04,AR,2,S_AR_2_A
STU0474,Student_0474,P04,AR,2,S_AR_2_A
STU0475,Student_0475,P04,AR,2,S_AR_2_A
STU0476,Student_0476,P04,AR,2,S_AR_2_A
STU0477,Student_0477,P04,AR,2,S_AR_2_A
STU0478,Student_0478,P04,AR,2,S_AR_2_A
STU0479,Student_0479,P04,AR,2,S_AR_2_A
STU0480,Student_0480,P04,AR,2,S_AR_2_A
STU0481,Student_0481,P04,AR,2,S_AR_2_A
STU0482,Student_0482,P04,AR,2,S_AR_2_A
STU0483,Student_0483,P04,AR,2,S_AR_2_A
STU0484,Student_0484,P04,AR,2,S_AR_2_A
STU0485,Student_0485,P04,AR,2,S_AR_2_A
STU0486,Student_0486,P04,AR,2,S_AR_2_A
STU0487,Student_0487,P04,AR,2,S_AR_2_A
STU0488,Student_0488,P04,AR,2,S_AR_2_A
STU0489,Student_0489,P04,AR,2,S_AR_2_A
STU0490,Student_0490,P04,AR,2,S_AR_2_A
STU0491,Student_0491,P04,AR,2,S_AR_2_A
STU0492,Student_0492,P04,AR,2,S_AR_2_A
STU0493,Student_0493,P04,AR,2,S_AR_2_A
STU0494,Student_0494,P04,AR,2,S_AR_2_A
STU0495,Student_0495,P04,AR,2,S_AR_2_A
STU0496,Student_0496,P04,AR,2,S_AR_2_A
STU0497,Student_0497,P04,AR,2,S_AR_2_A
STU0498,Student_0498,P04,AR,2,S_AR_2_A
STU0499,Student_0499,P04,AR,2,S_AR_2_A
STU0500,Student_0500,P04,AR,2,S_AR_2_A
STU0501,Student_0501,P01,CSE,3,S_CSE_3_A
STU0502,Student_0502,P01,CSE,3,S_CSE_3_A
STU0503,Student_0503,P01,CSE,3,S_CSE_3_A
STU0504,Student_0504,P01,CSE,3,S_CSE_3_A
STU0505,Student_0505,P01,CSE,3,S_CSE_3_A
STU0506,Student_0506,P01,CSE,3,S_CSE_3_A
STU0507,Student_0507,P01,CSE,3,S_CSE_3_A
STU0508,Student_0508,P01,CSE,3,S_CSE_3_A
STU0509,Student_0509,P01,CSE,3,S_CSE_3_A
STU0510,Student_0510,P01,CSE,3,S_CSE_3_A
STU0511,Student_0511,P01,CSE,3,S_CSE_3_A
STU0512,Student_0512,P01,CSE,3,S_CSE_3_A
STU0513,Student_0513,P01,CSE,3,S_CSE_3_A
STU0514,Student_0514,P01,CSE,3,S_CSE_3_A
STU0515,Student_0515,P01,CSE,3,S_CSE_3_A
STU0516,Student_0516,P01,CSE,3,S_CSE_3_A
STU0517,Student_0517,P01,CSE,3,S_CSE_3_A
STU0518,Student_0518,P01,CSE,3,S_CSE_3_A
STU0519,Student_0519,P01,CSE,3,S_CSE_3_A
STU0520,Student_0520,P01,CSE,3,S_CSE_3_A
STU0521,Student_0521,P01,CSE,3,S_CSE_3_A
STU0522,Student_0522,P01,CSE,3,S_CSE_3_A
STU0523,Student_0523,P01,CSE,3,S_CSE_3_A
STU0524,Student_0524,P01,CSE,3,S_CSE_3_A
STU0525,Student_0525,P01,CSE,3,S_CSE_3_A
STU0526,Student_0526,P01,CSE,3,S_CSE_3_A
STU0527,Student_0527,P01,CSE,3,S_CSE_3_A
STU0528,Student_0528,P01,CSE,3,S_CSE_3_A
STU0529,Student_0529,P01,CSE,3,S_CSE_3_A
STU0530,Student_0530,P01,CSE,3,S_CSE_3_A
STU0531,Student_0531,P01,CSE,3,S_CSE_3_A
STU0532,Student_0532,P01,CSE,3,S_CSE_3_A
STU0533,Student_0533,P01,CSE,3,S_CSE_3_A
STU0534,Student_0534,P01,CSE,3,S_CSE_3_A
STU0535,Student_0535,P01,CSE,3,S_CSE_3_A
STU0536,Student_0536,P01,CSE,3,S_CSE_3_A
STU0537,Student_0537,P01,CSE,3,S_CSE_3_A
STU0538,Student_0538,P01,CSE,3,S_CSE_3_A
STU0539,Student_0539,P01,CSE,3,S_CSE_3_A
STU0540,Student_0540,P01,CSE,3,S_CSE_3_A
STU0541,Student_0541,P01,CSE,3,S_CSE_3_A
STU0542,Student_0542,P01,CSE,3,S_CSE_3_A
STU0543,Student_0543,P01,CSE,3,S_CSE_3_A
STU0544,Student_0544,P01,CSE,3,S_CSE_3_A
STU0545,Student_0545,P01,CSE,3,S_CSE_3_A
STU0546,Student_0546,P01,CSE,3,S_CSE_3_A
STU0547,Student_0547,P01,CSE,3,S_CSE_3_A
STU0548,Student_0548,P01,CSE,3,S_CSE_3_A
STU0549,Student_0549,P01,CSE,3,S_CSE_3_A
STU0550,Student_0550,P01,CSE,3,S_CSE_3_A
STU0551,Student_0551,P01,CSE,3,S_CSE_3_A
STU0552,Student_0552,P01,CSE,3,S_CSE_3_A
STU0553,Student_0553,P01,CSE,3,S_CSE_3_A
STU0554,Student_0554,P01,CSE,3,S_CSE_3_A
STU0555,Student_0555,P01,CSE,3,S_CSE_3_A
STU0556,Student_0556,P01,CSE,3,S_CSE_3_A
STU0557,Student_0557,P01,CSE,3,S_CSE_3_A
STU0558,Student_0558,P01,CSE,3,S_CSE_3_A
STU0559,Student_0559,P01,CSE,3,S_CSE_3_A
STU0560,Student_0560,P01,CSE,3,S_CSE_3_A
STU0561,Student_0561,P01,CSE,3,S_CSE_3_A
STU0562,Student_0562,P01,CSE,3,S_CSE_3_A
STU0563,Student_0563,P01,CSE,3,S_CSE_3_A
STU0564,Student_0564,P01,CSE,3,S_CSE_3_A
STU0565,Student_0565,P01,CSE,3,S_CSE_3_A
STU0566,Student_0566,P02,ECE,3,S_ECE_3_A
STU0567,Student_0567,P02,ECE,3,S_ECE_3_A
STU0568,Student_0568,P02,ECE,3,S_ECE_3_A
STU0569,Student_0569,P02,ECE,3,S_ECE_3_A
STU0570,Student_0570,P02,ECE,3,S_ECE_3_A
STU0571,Student_0571,P02,ECE,3,S_ECE_3_A
STU0572,Student_0572,P02,ECE,3,S_ECE_3_A
STU0573,Student_0573,P02,ECE,3,S_ECE_3_A
STU0574,Student_0574,P02,ECE,3,S_ECE_3_A
STU0575,Student_0575,P02,ECE,3,S_ECE_3_A
STU0576,Student_0576,P02,ECE,3,S_ECE_3_A
STU0577,Student_0577,P02,ECE,3,S_ECE_3_A
STU0578,Student_0578,P02,ECE,3,S_ECE_3_A
STU0579,Student_0579,P02,ECE,3,S_ECE_3_A
STU0580,Student_0580,P02,ECE,3,S_ECE_3_A
STU0581,Student_0581,P02,ECE,3,S_ECE_3_A
STU0582,Student_0582,P02,ECE,3,S_ECE_3_A
STU0583,Student_0583,P02,ECE,3,S_ECE_3_A
STU0584,Student_0584,P02,ECE,3,S_ECE_3_A
STU0585,Student_0585,P02,ECE,3,S_ECE_3_A
STU0586,Student_0586,P02,ECE,3,S_ECE_3_A
STU0587,Student_0587,P02,ECE,3,S_ECE_3_A
STU0588,Student_0588,P02,ECE,3,S_ECE_3_A
STU0589,Student_0589,P02,ECE,3,S_ECE_3_A
STU0590,Student_0590,P02,ECE,3,S_ECE_3_A
STU0591,Student_0591,P02,ECE,3,S_ECE_3_A
STU0592,Student_0592,P02,ECE,3,S_ECE_3_A
STU0593,Student_0593,P02,ECE,3,S_ECE_3_A
STU0594,Student_0594,P02,ECE,3,S_ECE_3_A
STU0595,Student_0595,P02,ECE,3,S_ECE_3_A
STU0596,Student_0596,P02,ECE,3,S_ECE_3_A
STU0597,Student_0597,P02,ECE,3,S_ECE_3_A
STU0598,Student_0598,P02,ECE,3,S_ECE_3_A
STU0599,Student_0599,P02,ECE,3,S_ECE_3_A
STU0600,Student_0600,P02,ECE,3,S_ECE_3_A
STU0601,Student_0601,P02,ECE,3,S_ECE_3_A
STU0602,Student_0602,P02,ECE,3,S_ECE_3_A
STU0603,Student_0603,P02,ECE,3,S_ECE_3_A
STU0604,Student_0604,P02,ECE,3,S_ECE_3_A
STU0605,Student_0605,P02,ECE,3,S_ECE_3_A
STU0606,Student_0606,P02,ECE,3,S_ECE_3_A
STU0607,Student_0607,P02,ECE,3,S_ECE_3_A
STU0608,Student_0608,P02,ECE,3,S_ECE_3_A
STU0609,Student_0609,P02,ECE,3,S_ECE_3_A
STU0610,Student_0610,P02,ECE,3,S_ECE_3_A
STU0611,Student_0611,P02,ECE,3,S_ECE_3_A
STU0612,Student_0612,P02,ECE,3,S_ECE_3_A
STU0613,Student_0613,P02,ECE,3,S_ECE_3_A
STU0614,Student_0614,P02,ECE,3,S_ECE_3_A
STU0615,Student_0615,P02,ECE,3,S_ECE_3_A
STU0616,Student_0616,P02,ECE,3,S_ECE_3_A
STU0617,Student_0617,P02,ECE,3,S_ECE_3_A
STU0618,Student_0618,P02,ECE,3,S_ECE_3_A
STU0619,Student_0619,P02,ECE,3,S_ECE_3_A
STU0620,Student_0620,P02,ECE,3,S_ECE_3_A
STU0621,Student_0621,P02,ECE,3,S_ECE_3_A
STU0622,Student_0622,P02,ECE,3,S_ECE_3_A
STU0623,Student_0623,P02,ECE,3,S_ECE_3_A
STU0624,Student_0624,P02,ECE,3,S_ECE_3_A
STU0625,Student_0625,P02,ECE,3,S_ECE_3_A
STU0626,Student_0626,P02,ECE,3,S_ECE_3_A
STU0627,Student_0627,P02,ECE,3,S_ECE_3_A
STU0628,Student_0628,P02,ECE,3,S_ECE_3_A
STU0629,Student_0629,P02,ECE,3,S_ECE_3_A
STU0630,Student_0630,P02,ECE,3,S_ECE_3_A
STU0631,Student_0631,P03,AIML,3,S_AIML_3_A
STU0632,Student_0632,P03,AIML,3,S_AIML_3_A
STU0633,Student_0633,P03,AIML,3,S_AIML_3_A
STU0634,Student_0634,P03,AIML,3,S_AIML_3_A
STU0635,Student_0635,P03,AIML,3,S_AIML_3_A
STU0636,Student_0636,P03,AIML,3,S_AIML_3_A
STU0637,Student_0637,P03,AIML,3,S_AIML_3_A
STU0638,Student_0638,P03,AIML,3,S_AIML_3_A
STU0639,Student_0639,P03,AIML,3,S_AIML_3_A
STU0640,Student_0640,P03,AIML,3,S_AIML_3_A
STU0641,Student_0641,P03,AIML,3,S_AIML_3_A
STU0642,Student_0642,P03,AIML,3,S_AIML_3_A
STU0643,Student_0643,P03,AIML,3,S_AIML_3_A
STU0644,Student_0644,P03,AIML,3,S_AIML_3_A
STU0645,Student_0645,P03,AIML,3,S_AIML_3_A
STU0646,Student_0646,P03,AIML,3,S_AIML_3_A
STU0647,Student_0647,P03,AIML,3,S_AIML_3_A
STU0648,Student_0648,P03,AIML,3,S_AIML_3_A
STU0649,Student_0649,P03,AIML,3,S_AIML_3_A
STU0650,Student_0650,P03,AIML,3,S_AIML_3_A
STU0651,Student_0651,P03,AIML,3,S_AIML_3_A
STU0652,Student_0652,P03,AIML,3,S_AIML_3_A
STU0653,Student_0653,P03,AIML,3,S_AIML_3_A
STU0654,Student_0654,P03,AIML,3,S_AIML_3_A
STU0655,Student_0655,P03,AIML,3,S_AIML_3_A
STU0656,Student_0656,P03,AIML,3,S_AIML_3_A
STU0657,Student_0657,P03,AIML,3,S_AIML_3_A
STU0658,Student_0658,P03,AIML,3,S_AIML_3_A
STU0659,Student_0659,P03,AIML,3,S_AIML_3_A
STU0660,Student_0660,P03,AIML,3,S_AIML_3_A
STU0661,Student_0661,P03,AIML,3,S_AIML_3_A
STU0662,Student_0662,P03,AIML,3,S_AIML_3_A
STU0663,Student_0663,P03,AIML,3,S_AIML_3_A
STU0664,Student_0664,P03,AIML,3,S_AIML_3_A
STU0665,Student_0665,P03,AIML,3,S_AIML_3_A
STU0666,Student_0666,P03,AIML,3,S_AIML_3_A
STU0667,Student_0667,P03,AIML,3,S_AIML_3_A
STU0668,Student_0668,P03,AIML,3,S_AIML_3_A
STU0669,Student_0669,P03,AIML,3,S_AIML_3_A
STU0670,Student_0670,P03,AIML,3,S_AIML_3_A
STU0671,Student_0671,P03,AIML,3,S_AIML_3_A
STU0672,Student_0672,P03,AIML,3,S_AIML_3_A
STU0673,Student_0673,P03,AIML,3,S_AIML_3_A
STU0674,Student_0674,P03,AIML,3,S_AIML_3_A
STU0675,Student_0675,P03,AIML,3,S_AIML_3_A
STU0676,Student_0676,P03,AIML,3,S_AIML_3_A
STU0677,Student_0677,P03,AIML,3,S_AIML_3_A
STU0678,Student_0678,P03,AIML,3,S_AIML_3_A
STU0679,Student_0679,P03,AIML,3,S_AIML_3_A
STU0680,Student_0680,P03,AIML,3,S_AIML_3_A
STU0681,Student_0681,P03,AIML,3,S_AIML_3_A
STU0682,Student_0682,P03,AIML,3,S_AIML_3_A
STU0683,Student_0683,P03,AIML,3,S_AIML_3_A
STU0684,Student_0684,P03,AIML,3,S_AIML_3_A
STU0685,Student_0685,P03,AIML,3,S_AIML_3_A
STU0686,Student_0686,P03,AIML,3,S_AIML_3_A
STU0687,Student_0687,P03,AIML,3,S_AIML_3_A
STU0688,Student_0688,P03,AIML,3,S_AIML_3_A
STU0689,Student_0689,P03,AIML,3,S_AIML_3_A
STU0690,Student_0690,P03,AIML,3,S_AIML_3_A
STU0691,Student_0691,P04,AR,3,S_AR_3_A
STU0692,Student_0692,P04,AR,3,S_AR_3_A
STU0693,Student_0693,P04,AR,3,S_AR_3_A
STU0694,Student_0694,P04,AR,3,S_AR_3_A
STU0695,Student_0695,P04,AR,3,S_AR_3_A
STU0696,Student_0696,P04,AR,3,S_AR_3_A
STU0697,Student_0697,P04,AR,3,S_AR_3_A
STU0698,Student_0698,P04,AR,3,S_AR_3_A
STU0699,Student_0699,P04,AR,3,S_AR_3_A
STU0700,Student_0700,P04,AR,3,S_AR_3_A
STU0701,Student_0701,P04,AR,3,S_AR_3_A
STU0702,Student_0702,P04,AR,3,S_AR_3_A
STU0703,Student_0703,P04,AR,3,S_AR_3_A
STU0704,Student_0704,P04,AR,3,S_AR_3_A
STU0705,Student_0705,P04,AR,3,S_AR_3_A
STU0706,Student_0706,P04,AR,3,S_AR_3_A
STU0707,Student_0707,P04,AR,3,S_AR_3_A
STU0708,Student_0708,P04,AR,3,S_AR_3_A
STU0709,Student_0709,P04,AR,3,S_AR_3_A
STU0710,Student_0710,P04,AR,3,S_AR_3_A
STU0711,Student_0711,P04,AR,3,S_AR_3_A
STU0712,Student_0712,P04,AR,3,S_AR_3_A
STU0713,Student_0713,P04,AR,3,S_AR_3_A
STU0714,Student_0714,P04,AR,3,S_AR_3_A
STU0715,Student_0715,P04,AR,3,S_AR_3_A
STU0716,Student_0716,P04,AR,3,S_AR_3_A
STU0717,Student_0717,P04,AR,3,S_AR_3_A
STU0718,Student_0718,P04,AR,3,S_AR_3_A
STU0719,Student_0719,P04,AR,3,S_AR_3_A
STU0720,Student_0720,P04,AR,3,S_AR_3_A
STU0721,Student_0721,P04,AR,3,S_AR_3_A
STU0722,Student_0722,P04,AR,3,S_AR_3_A
STU0723,Student_0723,P04,AR,3,S_AR_3_A
STU0724,Student_0724,P04,AR,3,S_AR_3_A
STU0725,Student_0725,P04,AR,3,S_AR_3_A
STU0726,Student_0726,P04,AR,3,S_AR_3_A
STU0727,Student_0727,P04,AR,3,S_AR_3_A
STU0728,Student_0728,P04,AR,3,S_AR_3_A
STU0729,Student_0729,P04,AR,3,S_AR_3_A
STU0730,Student_0730,P04,AR,3,S_AR_3_A
STU0731,Student_0731,P04,AR,3,S_AR_3_A
STU0732,Student_0732,P04,AR,3,S_AR_3_A
STU0733,Student_0733,P04,AR,3,S_AR_3_A
STU0734,Student_0734,P04,AR,3,S_AR_3_A
STU0735,Student_0735,P04,AR,3,S_AR_3_A
STU0736,Student_0736,P04,AR,3,S_AR_3_A
STU0737,Student_0737,P04,AR,3,S_AR_3_A
STU0738,Student_0738,P04,AR,3,S_AR_3_A
STU0739,Student_0739,P04,AR,3,S_AR_3_A
STU0740,Student_0740,P04,AR,3,S_AR_3_A
STU0741,Student_0741,P04,AR,3,S_AR_3_A
STU0742,Student_0742,P04,AR,3,S_AR_3_A
STU0743,Student_0743,P04,AR,3,S_AR_3_A
STU0744,Student_0744,P04,AR,3,S_AR_3_A
STU0745,Student_0745,P04,AR,3,S_AR_3_A
STU0746,Student_0746,P04,AR,3,S_AR_3_A
STU0747,Student_0747,P04,AR,3,S_AR_3_A
STU0748,Student_0748,P04,AR,3,S_AR_3_A
STU0749,Student_0749,P04,AR,3,S_AR_3_A
STU0750,Student_0750,P04,AR,3,S_AR_3_A
STU0751,Student_0751,P01,CSE,4,S_CSE_4_A
STU0752,Student_0752,P01,CSE,4,S_CSE_4_A
STU0753,Student_0753,P01,CSE,4,S_CSE_4_A
STU0754,Student_0754,P01,CSE,4,S_CSE_4_A
STU0755,Student_0755,P01,CSE,4,S_CSE_4_A
STU0756,Student_0756,P01,CSE,4,S_CSE_4_A
STU0757,Student_0757,P01,CSE,4,S_CSE_4_A
STU0758,Student_0758,P01,CSE,4,S_CSE_4_A
STU0759,Student_0759,P01,CSE,4,S_CSE_4_A
STU0760,Student_0760,P01,CSE,4,S_CSE_4_A
STU0761,Student_0761,P01,CSE,4,S_CSE_4_A
STU0762,Student_0762,P01,CSE,4,S_CSE_4_A
STU0763,Student_0763,P01,CSE,4,S_CSE_4_A
STU0764,Student_0764,P01,CSE,4,S_CSE_4_A
STU0765,Student_0765,P01,CSE,4,S_CSE_4_A
STU0766,Student_0766,P01,CSE,4,S_CSE_4_A
STU0767,Student_0767,P01,CSE,4,S_CSE_4_A
STU0768,Student_0768,P01,CSE,4,S_CSE_4_A
STU0769,Student_0769,P01,CSE,4,S_CSE_4_A
STU0770,Student_0770,P01,CSE,4,S_CSE_4_A
STU0771,Student_0771,P01,CSE,4,S_CSE_4_A
STU0772,Student_0772,P01,CSE,4,S_CSE_4_A
STU0773,Student_0773,P01,CSE,4,S_CSE_4_A
STU0774,Student_0774,P01,CSE,4,S_CSE_4_A
STU0775,Student_0775,P01,CSE,4,S_CSE_4_A
STU0776,Student_0776,P01,CSE,4,S_CSE_4_A
STU0777,Student_0777,P01,CSE,4,S_CSE_4_A
STU0778,Student_0778,P01,CSE,4,S_CSE_4_A
STU0779,Student_0779,P01,CSE,4,S_CSE_4_A
STU0780,Student_0780,P01,CSE,4,S_CSE_4_A
STU0781,Student_0781,P01,CSE,4,S_CSE_4_A
STU0782,Student_0782,P01,CSE,4,S_CSE_4_A
STU0783,Student_0783,P01,CSE,4,S_CSE_4_A
STU0784,Student_0784,P01,CSE,4,S_CSE_4_A
STU0785,Student_0785,P01,CSE,4,S_CSE_4_A
STU0786,Student_0786,P01,CSE,4,S_CSE_4_A
STU0787,Student_0787,P01,CSE,4,S_CSE_4_A
STU0788,Student_0788,P01,CSE,4,S_CSE_4_A
STU0789,Student_0789,P01,CSE,4,S_CSE_4_A
STU0790,Student_0790,P01,CSE,4,S_CSE_4_A
STU0791,Student_0791,P01,CSE,4,S_CSE_4_A
STU0792,Student_0792,P01,CSE,4,S_CSE_4_A
STU0793,Student_0793,P01,CSE,4,S_CSE_4_A
STU0794,Student_0794,P01,CSE,4,S_CSE_4_A
STU0795,Student_0795,P01,CSE,4,S_CSE_4_A
STU0796,Student_0796,P01,CSE,4,S_CSE_4_A
STU0797,Student_0797,P01,CSE,4,S_CSE_4_A
STU0798,Student_0798,P01,CSE,4,S_CSE_4_A
STU0799,Student_0799,P01,CSE,4,S_CSE_4_A
STU0800,Student_0800,P01,CSE,4,S_CSE_4_A
STU0801,Student_0801,P01,CSE,4,S_CSE_4_A
STU0802,Student_0802,P01,CSE,4,S_CSE_4_A
STU0803,Student_0803,P01,CSE,4,S_CSE_4_A
STU0804,Student_0804,P01,CSE,4,S_CSE_4_A
STU0805,Student_0805,P01,CSE,4,S_CSE_4_A
STU0806,Student_0806,P01,CSE,4,S_CSE_4_A
STU0807,Student_0807,P01,CSE,4,S_CSE_4_A
STU0808,Student_0808,P01,CSE,4,S_CSE_4_A
STU0809,Student_0809,P01,CSE,4,S_CSE_4_A
STU0810,Student_0810,P01,CSE,4,S_CSE_4_A
STU0811,Student_0811,P01,CSE,4,S_CSE_4_A
STU0812,Student_0812,P01,CSE,4,S_CSE_4_A
STU0813,Student_0813,P01,CSE,4,S_CSE_4_A
STU0814,Student_0814,P01,CSE,4,S_CSE_4_A
STU0815,Student_0815,P01,CSE,4,S_CSE_4_A
STU0816,Student_0816,P02,ECE,4,S_ECE_4_A
STU0817,Student_0817,P02,ECE,4,S_ECE_4_A
STU0818,Student_0818,P02,ECE,4,S_ECE_4_A
STU0819,Student_0819,P02,ECE,4,S_ECE_4_A
STU0820,Student_0820,P02,ECE,4,S_ECE_4_A
STU0821,Student_0821,P02,ECE,4,S_ECE_4_A
STU0822,Student_0822,P02,ECE,4,S_ECE_4_A
STU0823,Student_0823,P02,ECE,4,S_ECE_4_A
STU0824,Student_0824,P02,ECE,4,S_ECE_4_A
STU0825,Student_0825,P02,ECE,4,S_ECE_4_A
STU0826,Student_0826,P02,ECE,4,S_ECE_4_A
STU0827,Student_0827,P02,ECE,4,S_ECE_4_A
STU0828,Student_0828,P02,ECE,4,S_ECE_4_A
STU0829,Student_0829,P02,ECE,4,S_ECE_4_A
STU0830,Student_0830,P02,ECE,4,S_ECE_4_A
STU0831,Student_0831,P02,ECE,4,S_ECE_4_A
STU0832,Student_0832,P02,ECE,4,S_ECE_4_A
STU0833,Student_0833,P02,ECE,4,S_ECE_4_A
STU0834,Student_0834,P02,ECE,4,S_ECE_4_A
STU0835,Student_0835,P02,ECE,4,S_ECE_4_A
STU0836,Student_0836,P02,ECE,4,S_ECE_4_A
STU0837,Student_0837,P02,ECE,4,S_ECE_4_A
STU0838,Student_0838,P02,ECE,4,S_ECE_4_A
STU0839,Student_0839,P02,ECE,4,S_ECE_4_A
STU0840,Student_0840,P02,ECE,4,S_ECE_4_A
STU0841,Student_0841,P02,ECE,4,S_ECE_4_A
STU0842,Student_0842,P02,ECE,4,S_ECE_4_A
STU0843,Student_0843,P02,ECE,4,S_ECE_4_A
STU0844,Student_0844,P02,ECE,4,S_ECE_4_A
STU0845,Student_0845,P02,ECE,4,S_ECE_4_A
STU0846,Student_0846,P02,ECE,4,S_ECE_4_A
STU0847,Student_0847,P02,ECE,4,S_ECE_4_A
STU0848,Student_0848,P02,ECE,4,S_ECE_4_A
STU0849,Student_0849,P02,ECE,4,S_ECE_4_A
STU0850,Student_0850,P02,ECE,4,S_ECE_4_A
STU0851,Student_0851,P02,ECE,4,S_ECE_4_A
STU0852,Student_0852,P02,ECE,4,S_ECE_4_A
STU0853,Student_0853,P02,ECE,4,S_ECE_4_A
STU0854,Student_0854,P02,ECE,4,S_ECE_4_A
STU0855,Student_0855,P02,ECE,4,S_ECE_4_A
STU0856,Student_0856,P02,ECE,4,S_ECE_4_A
STU0857,Student_0857,P02,ECE,4,S_ECE_4_A
STU0858,Student_0858,P02,ECE,4,S_ECE_4_A
STU0859,Student_0859,P02,ECE,4,S_ECE_4_A
STU0860,Student_0860,P02,ECE,4,S_ECE_4_A
STU0861,Student_0861,P02,ECE,4,S_ECE_4_A
STU0862,Student_0862,P02,ECE,4,S_ECE_4_A
STU0863,Student_0863,P02,ECE,4,S_ECE_4_A
STU0864,Student_0864,P02,ECE,4,S_ECE_4_A
STU0865,Student_0865,P02,ECE,4,S_ECE_4_A
STU0866,Student_0866,P02,ECE,4,S_ECE_4_A
STU0867,Student_0867,P02,ECE,4,S_ECE_4_A
STU0868,Student_0868,P02,ECE,4,S_ECE_4_A
STU0869,Student_0869,P02,ECE,4,S_ECE_4_A
STU0870,Student_0870,P02,ECE,4,S_ECE_4_A
STU0871,Student_0871,P02,ECE,4,S_ECE_4_A
STU0872,Student_0872,P02,ECE,4,S_ECE_4_A
STU0873,Student_0873,P02,ECE,4,S_ECE_4_A
STU0874,Student_0874,P02,ECE,4,S_ECE_4_A
STU0875,Student_0875,P02,ECE,4,S_ECE_4_A
STU0876,Student_0876,P02,ECE,4,S_ECE_4_A
STU0877,Student_0877,P02,ECE,4,S_ECE_4_A
STU0878,Student_0878,P02,ECE,4,S_ECE_4_A
STU0879,Student_0879,P02,ECE,4,S_ECE_4_A
STU0880,Student_0880,P02,ECE,4,S_ECE_4_A
STU0881,Student_0881,P03,AIML,4,S_AIML_4_A
STU0882,Student_0882,P03,AIML,4,S_AIML_4_A
STU0883,Student_0883,P03,AIML,4,S_AIML_4_A
STU0884,Student_0884,P03,AIML,4,S_AIML_4_A
STU0885,Student_0885,P03,AIML,4,S_AIML_4_A
STU0886,Student_0886,P03,AIML,4,S_AIML_4_A
STU0887,Student_0887,P03,AIML,4,S_AIML_4_A
STU0888,Student_0888,P03,AIML,4,S_AIML_4_A
STU0889,Student_0889,P03,AIML,4,S_AIML_4_A
STU0890,Student_0890,P03,AIML,4,S_AIML_4_A
STU0891,Student_0891,P03,AIML,4,S_AIML_4_A
STU0892,Student_0892,P03,AIML,4,S_AIML_4_A
STU0893,Student_0893,P03,AIML,4,S_AIML_4_A
STU0894,Student_0894,P03,AIML,4,S_AIML_4_A
STU0895,Student_0895,P03,AIML,4,S_AIML_4_A
STU0896,Student_0896,P03,AIML,4,S_AIML_4_A
STU0897,Student_0897,P03,AIML,4,S_AIML_4_A
STU0898,Student_0898,P03,AIML,4,S_AIML_4_A
STU0899,Student_0899,P03,AIML,4,S_AIML_4_A
STU0900,Student_0900,P03,AIML,4,S_AIML_4_A
STU0901,Student_0901,P03,AIML,4,S_AIML_4_A
STU0902,Student_0902,P03,AIML,4,S_AIML_4_A
STU0903,Student_0903,P03,AIML,4,S_AIML_4_A
STU0904,Student_0904,P03,AIML,4,S_AIML_4_A
STU0905,Student_0905,P03,AIML,4,S_AIML_4_A
STU0906,Student_0906,P03,AIML,4,S_AIML_4_A
STU0907,Student_0907,P03,AIML,4,S_AIML_4_A
STU0908,Student_0908,P03,AIML,4,S_AIML_4_A
STU0909,Student_0909,P03,AIML,4,S_AIML_4_A
STU0910,Student_0910,P03,AIML,4,S_AIML_4_A
STU0911,Student_0911,P03,AIML,4,S_AIML_4_A
STU0912,Student_0912,P03,AIML,4,S_AIML_4_A
STU0913,Student_0913,P03,AIML,4,S_AIML_4_A
STU0914,Student_0914,P03,AIML,4,S_AIML_4_A
STU0915,Student_0915,P03,AIML,4,S_AIML_4_A
STU0916,Student_0916,P03,AIML,4,S_AIML_4_A
STU0917,Student_0917,P03,AIML,4,S_AIML_4_A
STU0918,Student_0918,P03,AIML,4,S_AIML_4_A
STU0919,Student_0919,P03,AIML,4,S_AIML_4_A
STU0920,Student_0920,P03,AIML,4,S_AIML_4_A
STU0921,Student_0921,P03,AIML,4,S_AIML_4_A
STU0922,Student_0922,P03,AIML,4,S_AIML_4_A
STU0923,Student_0923,P03,AIML,4,S_AIML_4_A
STU0924,Student_0924,P03,AIML,4,S_AIML_4_A
STU0925,Student_0925,P03,AIML,4,S_AIML_4_A
STU0926,Student_0926,P03,AIML,4,S_AIML_4_A
STU0927,Student_0927,P03,AIML,4,S_AIML_4_A
STU0928,Student_0928,P03,AIML,4,S_AIML_4_A
STU0929,Student_0929,P03,AIML,4,S_AIML_4_A
STU0930,Student_0930,P03,AIML,4,S_AIML_4_A
STU0931,Student_0931,P03,AIML,4,S_AIML_4_A
STU0932,Student_0932,P03,AIML,4,S_AIML_4_A
STU0933,Student_0933,P03,AIML,4,S_AIML_4_A
STU0934,Student_0934,P03,AIML,4,S_AIML_4_A
STU0935,Student_0935,P03,AIML,4,S_AIML_4_A
STU0936,Student_0936,P03,AIML,4,S_AIML_4_A
STU0937,Student_0937,P03,AIML,4,S_AIML_4_A
STU0938,Student_0938,P03,AIML,4,S_AIML_4_A
STU0939,Student_0939,P03,AIML,4,S_AIML_4_A
STU0940,Student_0940,P03,AIML,4,S_AIML_4_A
STU0941,Student_0941,P04,AR,4,S_AR_4_A
STU0942,Student_0942,P04,AR,4,S_AR_4_A
STU0943,Student_0943,P04,AR,4,S_AR_4_A
STU0944,Student_0944,P04,AR,4,S_AR_4_A
STU0945,Student_0945,P04,AR,4,S_AR_4_A
STU0946,Student_0946,P04,AR,4,S_AR_4_A
STU0947,Student_0947,P04,AR,4,S_AR_4_A
STU0948,Student_0948,P04,AR,4,S_AR_4_A
STU0949,Student_0949,P04,AR,4,S_AR_4_A
STU0950,Student_0950,P04,AR,4,S_AR_4_A
STU0951,Student_0951,P04,AR,4,S_AR_4_A
STU0952,Student_0952,P04,AR,4,S_AR_4_A
STU0953,Student_0953,P04,AR,4,S_AR_4_A
STU0954,Student_0954,P04,AR,4,S_AR_4_A
STU0955,Student_0955,P04,AR,4,S_AR_4_A
STU0956,Student_0956,P04,AR,4,S_AR_4_A
STU0957,Student_0957,P04,AR,4,S_AR_4_A
STU0958,Student_0958,P04,AR,4,S_AR_4_A
STU0959,Student_0959,P04,AR,4,S_AR_4_A
STU0960,Student_0960,P04,AR,4,S_AR_4_A
STU0961,Student_0961,P04,AR,4,S_AR_4_A
STU0962,Student_0962,P04,AR,4,S_AR_4_A
STU0963,Student_0963,P04,AR,4,S_AR_4_A
STU0964,Student_0964,P04,AR,4,S_AR_4_A
STU0965,Student_0965,P04,AR,4,S_AR_4_A
STU0966,Student_0966,P04,AR,4,S_AR_4_A
STU0967,Student_0967,P04,AR,4,S_AR_4_A
STU0968,Student_0968,P04,AR,4,S_AR_4_A
STU0969,Student_0969,P04,AR,4,S_AR_4_A
STU0970,Student_0970,P04,AR,4,S_AR_4_A
STU0971,Student_0971,P04,AR,4,S_AR_4_A
STU0972,Student_0972,P04,AR,4,S_AR_4_A
STU0973,Student_0973,P04,AR,4,S_AR_4_A
STU0974,Student_0974,P04,AR,4,S_AR_4_A
STU0975,Student_0975,P04,AR,4,S_AR_4_A
STU0976,Student_0976,P04,AR,4,S_AR_4_A
STU0977,Student_0977,P04,AR,4,S_AR_4_A
STU0978,Student_0978,P04,AR,4,S_AR_4_A
STU0979,Student_0979,P04,AR,4,S_AR_4_A
STU0980,Student_0980,P04,AR,4,S_AR_4_A
STU0981,Student_0981,P04,AR,4,S_AR_4_A
STU0982,Student_0982,P04,AR,4,S_AR_4_A
STU0983,Student_0983,P04,AR,4,S_AR_4_A
STU0984,Student_0984,P04,AR,4,S_AR_4_A
STU0985,Student_0985,P04,AR,4,S_AR_4_A
STU0986,Student_0986,P04,AR,4,S_AR_4_A
STU0987,Student_0987,P04,AR,4,S_AR_4_A
STU0988,Student_0988,P04,AR,4,S_AR_4_A
STU0989,Student_0989,P04,AR,4,S_AR_4_A
STU0990,Student_0990,P04,AR,4,S_AR_4_A
STU0991,Student_0991,P04,AR,4,S_AR_4_A
STU0992,Student_0992,P04,AR,4,S_AR_4_A
STU0993,Student_0993,P04,AR,4,S_AR_4_A
STU0994,Student_0994,P04,AR,4,S_AR_4_A
STU0995,Student_0995,P04,AR,4,S_AR_4_A
STU0996,Student_0996,P04,AR,4,S_AR_4_A
STU0997,Student_0997,P04,AR,4,S_AR_4_A
STU0998,Student_0998,P04,AR,4,S_AR_4_A
STU0999,Student_0999,P04,AR,4,S_AR_4_A
STU1000,Student_1000,P04,AR,4,S_AR_4_A
