offering_id_a,offering_id_b,reason
OFF0007,OFF0008,"lab sub-batch (parallel groups, same section)"
OFF0009,OFF0010,"lab sub-batch (parallel groups, same section)"
OFF0011,OFF0012,"lab sub-batch (parallel groups, same section)"
OFF0018,OFF0019,"lab sub-batch (parallel groups, same section)"
OFF0020,OFF0021,"lab sub-batch (parallel groups, same section)"
OFF0022,OFF0023,"lab sub-batch (parallel groups, same section)"
OFF0027,OFF0028,"lab sub-batch (parallel groups, same section)"
OFF0032,OFF0033,"lab sub-batch (parallel groups, same section)"
OFF0040,OFF0041,"lab sub-batch (parallel groups, same section)"
OFF0042,OFF0043,"lab sub-batch (parallel groups, same section)"
OFF0044,OFF0045,"lab sub-batch (parallel groups, same section)"
OFF0051,OFF0052,"lab sub-batch (parallel groups, same section)"
OFF0053,OFF0054,"lab sub-batch (parallel groups, same section)"
OFF0055,OFF0056,"lab sub-batch (parallel groups, same section)"
OFF0060,OFF0061,"lab sub-batch (parallel groups, same section)"
OFF0065,OFF0066,"lab sub-batch (parallel groups, same section)"
OFF0073,OFF0074,"lab sub-batch (parallel groups, same section)"
OFF0075,OFF0076,"lab sub-batch (parallel groups, same section)"
OFF0077,OFF0078,"lab sub-batch (parallel groups, same section)"
OFF0084,OFF0085,"lab sub-batch (parallel groups, same section)"
OFF0086,OFF0087,"lab sub-batch (parallel groups, same section)"
OFF0088,OFF0089,"lab sub-batch (parallel groups, same section)"
OFF0093,OFF0094,"lab sub-batch (parallel groups, same section)"
OFF0098,OFF0099,"lab sub-batch (parallel groups, same section)"
OFF0106,OFF0107,"lab sub-batch (parallel groups, same section)"
OFF0108,OFF0109,"lab sub-batch (parallel groups, same section)"
OFF0110,OFF0111,"lab sub-batch (parallel groups, same section)"
OFF0117,OFF0118,"lab sub-batch (parallel groups, same section)"
OFF0119,OFF0120,"lab sub-batch (parallel groups, same section)"
OFF0121,OFF0122,"lab sub-batch (parallel groups, same section)"
OFF0126,OFF0127,"lab sub-batch (parallel groups, same section)"
OFF0131,OFF0132,"lab sub-batch (parallel groups, same section)"
OFF0139,OFF0140,"lab sub-batch (parallel groups, same section)"
OFF0141,OFF0142,"lab sub-batch (parallel groups, same section)"
OFF0143,OFF0144,"lab sub-batch (parallel groups, same section)"
OFF0150,OFF0151,"lab sub-batch (parallel groups, same section)"
OFF0152,OFF0153,"lab sub-batch (parallel groups, same section)"
OFF0154,OFF0155,"lab sub-batch (parallel groups, same section)"
OFF0159,OFF0160,"lab sub-batch (parallel groups, same section)"
OFF0164,OFF0165,"lab sub-batch (parallel groups, same section)"
OFF0172,OFF0173,"lab sub-batch (parallel groups, same section)"
OFF0174,OFF0175,"lab sub-batch (parallel groups, same section)"
OFF0176,OFF0177,"lab sub-batch (parallel groups, same section)"
OFF0183,OFF0184,"lab sub-batch (parallel groups, same section)"
OFF0185,OFF0186,"lab sub-batch (parallel groups, same section)"
OFF0187,OFF0188,"lab sub-batch (parallel groups, same section)"
OFF0192,OFF0193,"lab sub-batch (parallel groups, same section)"
OFF0197,OFF0198,"lab sub-batch (parallel groups, same section)"
OFF0205,OFF0206,"lab sub-batch (parallel groups, same section)"
OFF0207,OFF0208,"lab sub-batch (parallel groups, same section)"
OFF0209,OFF0210,"lab sub-batch (parallel groups, same section)"
OFF0216,OFF0217,"lab sub-batch (parallel groups, same section)"
OFF0218,OFF0219,"lab sub-batch (parallel groups, same section)"
OFF0220,OFF0221,"lab sub-batch (parallel groups, same section)"
OFF0225,OFF0226,"lab sub-batch (parallel groups, same section)"
OFF0230,OFF0231,"lab sub-batch (parallel groups, same section)"
OFF0238,OFF0239,"lab sub-batch (parallel groups, same section)"
OFF0240,OFF0241,"lab sub-batch (parallel groups, same section)"
OFF0242,OFF0243,"lab sub-batch (parallel groups, same section)"
OFF0249,OFF0250,"lab sub-batch (parallel groups, same section)"
OFF0251,OFF0252,"lab sub-batch (parallel groups, same section)"
OFF0253,OFF0254,"lab sub-batch (parallel groups, same section)"
OFF0258,OFF0259,"lab sub-batch (parallel groups, same section)"
OFF0263,OFF0264,"lab sub-batch (parallel groups, same section)"
OFF0265,OFF0266,"lab sub-batch (parallel groups, same section)"
OFF0267,OFF0268,"lab sub-batch (parallel groups, same section)"
OFF0269,OFF0270,"lab sub-batch (parallel groups, same section)"
OFF0271,OFF0272,"lab sub-batch (parallel groups, same section)"
OFF0273,OFF0274,"lab sub-batch (parallel groups, same section)"
OFF0275,OFF0276,"lab sub-batch (parallel groups, same section)"
OFF0277,OFF0278,"lab sub-batch (parallel groups, same section)"
OFF0279,OFF0280,"lab sub-batch (parallel groups, same section)"
OFF0281,OFF0282,"lab sub-batch (parallel groups, same section)"
OFF0283,OFF0284,"lab sub-batch (parallel groups, same section)"
OFF0285,OFF0286,"lab sub-batch (parallel groups, same section)"
OFF0287,OFF0288,"lab sub-batch (parallel groups, same section)"
OFF0289,OFF0290,"lab sub-batch (parallel groups, same section)"
OFF0291,OFF0292,"lab sub-batch (parallel groups, same section)"
OFF0293,OFF0294,"lab sub-batch (parallel groups, same section)"
OFF0295,OFF0296,"lab sub-batch (parallel groups, same section)"
OFF0297,OFF0298,"lab sub-batch (parallel groups, same section)"
OFF0299,OFF0300,"lab sub-batch (parallel groups, same section)"
OFF0301,OFF0302,"lab sub-batch (parallel groups, same section)"
OFF0303,OFF0304,"lab sub-batch (parallel groups, same section)"
OFF0305,OFF0306,"lab sub-batch (parallel groups, same section)"
OFF0307,OFF0308,"lab sub-batch (parallel groups, same section)"
OFF0309,OFF0310,"lab sub-batch (parallel groups, same section)"
OFF0311,OFF0312,"lab sub-batch (parallel groups, same section)"
OFF0313,OFF0314,"lab sub-batch (parallel groups, same section)"
OFF0315,OFF0316,"lab sub-batch (parallel groups, same section)"
OFF0317,OFF0318,"lab sub-batch (parallel groups, same section)"
OFF0319,OFF0320,"lab sub-batch (parallel groups, same section)"
OFF0321,OFF0322,"lab sub-batch (parallel groups, same section)"
OFF0323,OFF0324,"lab sub-batch (parallel groups, same section)"
OFF0325,OFF0326,"lab sub-batch (parallel groups, same section)"
OFF0327,OFF0328,"lab sub-batch (parallel groups, same section)"
