student_id,course_id,enrollment_type
STU00001,C_AIDS_OAEV1,OAE
STU00001,C_AIDS_PCEV1,PCE
STU00002,C_AIDS_OAEV2,OAE
STU00002,C_AIDS_PCEV2,PCE
STU00003,C_AIDS_OAEV1,OAE
STU00003,C_AIDS_PCEV1,PCE
STU00004,C_AIDS_OAEV2,OAE
STU00004,C_AIDS_PCEV2,PCE
STU00005,C_AIDS_OAEV1,OAE
STU00005,C_AIDS_PCEV1,PCE
STU00006,C_AIDS_OAEV2,OAE
STU00006,C_AIDS_PCEV2,PCE
STU00007,C_AIDS_OAEV1,OAE
STU00007,C_AIDS_PCEV1,PCE
STU00008,C_AIDS_OAEV2,OAE
STU00008,C_AIDS_PCEV2,PCE
STU00009,C_AIDS_OAEV1,OAE
STU00009,C_AIDS_PCEV1,PCE
STU00010,C_AIDS_OAEV2,OAE
STU00010,C_AIDS_PCEV2,PCE
STU00011,C_AIDS_OAEV1,OAE
STU00011,C_AIDS_PCEV1,PCE
STU00012,C_AIDS_OAEV2,OAE
STU00012,C_AIDS_PCEV2,PCE
STU00013,C_AIDS_OAEV1,OAE
STU00013,C_AIDS_PCEV1,PCE
STU00014,C_AIDS_OAEV2,OAE
STU00014,C_AIDS_PCEV2,PCE
STU00015,C_AIDS_OAEV1,OAE
STU00015,C_AIDS_PCEV1,PCE
STU00016,C_AIDS_OAEV2,OAE
STU00016,C_AIDS_PCEV2,PCE
STU00017,C_AIDS_OAEV1,OAE
STU00017,C_AIDS_PCEV1,PCE
STU00018,C_AIDS_OAEV2,OAE
STU00018,C_AIDS_PCEV2,PCE
STU00019,C_AIDS_OAEV1,OAE
STU00019,C_AIDS_PCEV1,PCE
STU00020,C_AIDS_OAEV2,OAE
STU00020,C_AIDS_PCEV2,PCE
STU00021,C_AIDS_OAEV1,OAE
STU00021,C_AIDS_PCEV1,PCE
STU00022,C_AIDS_OAEV2,OAE
STU00022,C_AIDS_PCEV2,PCE
STU00023,C_AIDS_OAEV1,OAE
STU00023,C_AIDS_PCEV1,PCE
STU00024,C_AIDS_OAEV2,OAE
STU00024,C_AIDS_PCEV2,PCE
STU00025,C_AIDS_OAEV1,OAE
STU00025,C_AIDS_PCEV1,PCE
STU00026,C_AIDS_OAEV2,OAE
STU00026,C_AIDS_PCEV2,PCE
STU00027,C_AIDS_OAEV1,OAE
STU00027,C_AIDS_PCEV1,PCE
STU00028,C_AIDS_OAEV2,OAE
STU00028,C_AIDS_PCEV2,PCE
STU00029,C_AIDS_OAEV1,OAE
STU00029,C_AIDS_PCEV1,PCE
STU00030,C_AIDS_OAEV2,OAE
STU00030,C_AIDS_PCEV2,PCE
STU00031,C_AIDS_OAEV1,OAE
STU00031,C_AIDS_PCEV1,PCE
STU00032,C_AIDS_OAEV2,OAE
STU00032,C_AIDS_PCEV2,PCE
STU00033,C_AIDS_OAEV1,OAE
STU00033,C_AIDS_PCEV1,PCE
STU00034,C_AIDS_OAEV2,OAE
STU00034,C_AIDS_PCEV2,PCE
STU00035,C_AIDS_OAEV1,OAE
STU00035,C_AIDS_PCEV1,PCE
STU00036,C_AIDS_OAEV2,OAE
STU00036,C_AIDS_PCEV2,PCE
STU00037,C_AIDS_OAEV1,OAE
STU00037,C_AIDS_PCEV1,PCE
STU00038,C_AIDS_OAEV2,OAE
STU00038,C_AIDS_PCEV2,PCE
STU00039,C_AIDS_OAEV1,OAE
STU00039,C_AIDS_PCEV1,PCE
STU00040,C_AIDS_OAEV1,OAE
STU00040,C_AIDS_PCEV1,PCE
STU00041,C_AIDS_OAEV2,OAE
STU00041,C_AIDS_PCEV2,PCE
STU00042,C_AIDS_OAEV1,OAE
STU00042,C_AIDS_PCEV1,PCE
STU00043,C_AIDS_OAEV2,OAE
STU00043,C_AIDS_PCEV2,PCE
STU00044,C_AIDS_OAEV1,OAE
STU00044,C_AIDS_PCEV1,PCE
STU00045,C_AIDS_OAEV2,OAE
STU00045,C_AIDS_PCEV2,PCE
STU00046,C_AIDS_OAEV1,OAE
STU00046,C_AIDS_PCEV1,PCE
STU00047,C_AIDS_OAEV2,OAE
STU00047,C_AIDS_PCEV2,PCE
STU00048,C_AIDS_OAEV1,OAE
STU00048,C_AIDS_PCEV1,PCE
STU00049,C_AIDS_OAEV2,OAE
STU00049,C_AIDS_PCEV2,PCE
STU00050,C_AIDS_OAEV1,OAE
STU00050,C_AIDS_PCEV1,PCE
STU00051,C_AIDS_OAEV2,OAE
STU00051,C_AIDS_PCEV2,PCE
STU00052,C_AIDS_OAEV1,OAE
STU00052,C_AIDS_PCEV1,PCE
STU00053,C_AIDS_OAEV2,OAE
STU00053,C_AIDS_PCEV2,PCE
STU00054,C_AIDS_OAEV1,OAE
STU00054,C_AIDS_PCEV1,PCE
STU00055,C_AIDS_OAEV2,OAE
STU00055,C_AIDS_PCEV2,PCE
STU00056,C_AIDS_OAEV1,OAE
STU00056,C_AIDS_PCEV1,PCE
STU00057,C_AIDS_OAEV2,OAE
STU00057,C_AIDS_PCEV2,PCE
STU00058,C_AIDS_OAEV1,OAE
STU00058,C_AIDS_PCEV1,PCE
STU00059,C_AIDS_OAEV2,OAE
STU00059,C_AIDS_PCEV2,PCE
STU00060,C_AIDS_OAEV1,OAE
STU00060,C_AIDS_PCEV1,PCE
STU00061,C_AIDS_OAEV2,OAE
STU00061,C_AIDS_PCEV2,PCE
STU00062,C_AIDS_OAEV1,OAE
STU00062,C_AIDS_PCEV1,PCE
STU00063,C_AIDS_OAEV2,OAE
STU00063,C_AIDS_PCEV2,PCE
STU00064,C_AIDS_OAEV1,OAE
STU00064,C_AIDS_PCEV1,PCE
STU00065,C_AIDS_OAEV2,OAE
STU00065,C_AIDS_PCEV2,PCE
STU00066,C_AIDS_OAEV1,OAE
STU00066,C_AIDS_PCEV1,PCE
STU00067,C_AIDS_OAEV2,OAE
STU00067,C_AIDS_PCEV2,PCE
STU00068,C_AIDS_OAEV1,OAE
STU00068,C_AIDS_PCEV1,PCE
STU00069,C_AIDS_OAEV2,OAE
STU00069,C_AIDS_PCEV2,PCE
STU00070,C_AIDS_OAEV1,OAE
STU00070,C_AIDS_PCEV1,PCE
STU00071,C_AIDS_OAEV2,OAE
STU00071,C_AIDS_PCEV2,PCE
STU00072,C_AIDS_OAEV1,OAE
STU00072,C_AIDS_PCEV1,PCE
STU00073,C_AIDS_OAEV2,OAE
STU00073,C_AIDS_PCEV2,PCE
STU00074,C_AIDS_OAEV1,OAE
STU00074,C_AIDS_PCEV1,PCE
STU00075,C_AIDS_OAEV2,OAE
STU00075,C_AIDS_PCEV2,PCE
STU00076,C_AIDS_OAEV1,OAE
STU00076,C_AIDS_PCEV1,PCE
STU00077,C_AIDS_OAEV2,OAE
STU00077,C_AIDS_PCEV2,PCE
STU00078,C_AIDS_OAEV1,OAE
STU00078,C_AIDS_PCEV1,PCE
STU00079,C_AIDS_OAEV2,OAE
STU00079,C_AIDS_PCEV2,PCE
STU00080,C_AIDS_OAEV1,OAE
STU00080,C_AIDS_PCEV1,PCE
STU00081,C_AIDS_OAEV2,OAE
STU00081,C_AIDS_PCEV2,PCE
STU00082,C_AIDS_OAEV1,OAE
STU00082,C_AIDS_PCEV1,PCE
STU00083,C_AIDS_OAEV2,OAE
STU00083,C_AIDS_PCEV2,PCE
STU00084,C_AIDS_OAEV1,OAE
STU00084,C_AIDS_PCEV1,PCE
STU00085,C_AIDS_OAEV2,OAE
STU00085,C_AIDS_PCEV2,PCE
STU00086,C_AIDS_OAEV1,OAE
STU00086,C_AIDS_PCEV1,PCE
STU00087,C_AIDS_OAEV2,OAE
STU00087,C_AIDS_PCEV2,PCE
STU00088,C_AIDS_OAEV1,OAE
STU00088,C_AIDS_PCEV1,PCE
STU00089,C_AIML_OAEV1,OAE
STU00089,C_AIML_PCEV1,PCE
STU00090,C_AIML_OAEV2,OAE
STU00090,C_AIML_PCEV2,PCE
STU00091,C_AIML_OAEV1,OAE
STU00091,C_AIML_PCEV1,PCE
STU00092,C_AIML_OAEV2,OAE
STU00092,C_AIML_PCEV2,PCE
STU00093,C_AIML_OAEV1,OAE
STU00093,C_AIML_PCEV1,PCE
STU00094,C_AIML_OAEV2,OAE
STU00094,C_AIML_PCEV2,PCE
STU00095,C_AIML_OAEV1,OAE
STU00095,C_AIML_PCEV1,PCE
STU00096,C_AIML_OAEV2,OAE
STU00096,C_AIML_PCEV2,PCE
STU00097,C_AIML_OAEV1,OAE
STU00097,C_AIML_PCEV1,PCE
STU00098,C_AIML_OAEV2,OAE
STU00098,C_AIML_PCEV2,PCE
STU00099,C_AIML_OAEV1,OAE
STU00099,C_AIML_PCEV1,PCE
STU00100,C_AIML_OAEV2,OAE
STU00100,C_AIML_PCEV2,PCE
STU00101,C_AIML_OAEV1,OAE
STU00101,C_AIML_PCEV1,PCE
STU00102,C_AIML_OAEV2,OAE
STU00102,C_AIML_PCEV2,PCE
STU00103,C_AIML_OAEV1,OAE
STU00103,C_AIML_PCEV1,PCE
STU00104,C_AIML_OAEV2,OAE
STU00104,C_AIML_PCEV2,PCE
STU00105,C_AIML_OAEV1,OAE
STU00105,C_AIML_PCEV1,PCE
STU00106,C_AIML_OAEV2,OAE
STU00106,C_AIML_PCEV2,PCE
STU00107,C_AIML_OAEV1,OAE
STU00107,C_AIML_PCEV1,PCE
STU00108,C_AIML_OAEV2,OAE
STU00108,C_AIML_PCEV2,PCE
STU00109,C_AIML_OAEV1,OAE
STU00109,C_AIML_PCEV1,PCE
STU00110,C_AIML_OAEV2,OAE
STU00110,C_AIML_PCEV2,PCE
STU00111,C_AIML_OAEV1,OAE
STU00111,C_AIML_PCEV1,PCE
STU00112,C_AIML_OAEV2,OAE
STU00112,C_AIML_PCEV2,PCE
STU00113,C_AIML_OAEV1,OAE
STU00113,C_AIML_PCEV1,PCE
STU00114,C_AIML_OAEV2,OAE
STU00114,C_AIML_PCEV2,PCE
STU00115,C_AIML_OAEV1,OAE
STU00115,C_AIML_PCEV1,PCE
STU00116,C_AIML_OAEV2,OAE
STU00116,C_AIML_PCEV2,PCE
STU00117,C_AIML_OAEV1,OAE
STU00117,C_AIML_PCEV1,PCE
STU00118,C_AIML_OAEV2,OAE
STU00118,C_AIML_PCEV2,PCE
STU00119,C_AIML_OAEV1,OAE
STU00119,C_AIML_PCEV1,PCE
STU00120,C_AIML_OAEV2,OAE
STU00120,C_AIML_PCEV2,PCE
STU00121,C_AIML_OAEV1,OAE
STU00121,C_AIML_PCEV1,PCE
STU00122,C_AIML_OAEV2,OAE
STU00122,C_AIML_PCEV2,PCE
STU00123,C_AIML_OAEV1,OAE
STU00123,C_AIML_PCEV1,PCE
STU00124,C_AIML_OAEV2,OAE
STU00124,C_AIML_PCEV2,PCE
STU00125,C_AIML_OAEV1,OAE
STU00125,C_AIML_PCEV1,PCE
STU00126,C_AIML_OAEV2,OAE
STU00126,C_AIML_PCEV2,PCE
STU00127,C_AIML_OAEV1,OAE
STU00127,C_AIML_PCEV1,PCE
STU00128,C_AIML_OAEV2,OAE
STU00128,C_AIML_PCEV2,PCE
STU00129,C_AIML_OAEV1,OAE
STU00129,C_AIML_PCEV1,PCE
STU00130,C_AIML_OAEV2,OAE
STU00130,C_AIML_PCEV2,PCE
STU00131,C_AIML_OAEV1,OAE
STU00131,C_AIML_PCEV1,PCE
STU00132,C_AIML_OAEV2,OAE
STU00132,C_AIML_PCEV2,PCE
STU00133,C_AIML_OAEV1,OAE
STU00133,C_AIML_PCEV1,PCE
STU00134,C_AIML_OAEV2,OAE
STU00134,C_AIML_PCEV2,PCE
STU00135,C_AIML_OAEV1,OAE
STU00135,C_AIML_PCEV1,PCE
STU00136,C_AIML_OAEV1,OAE
STU00136,C_AIML_PCEV1,PCE
STU00137,C_AIML_OAEV2,OAE
STU00137,C_AIML_PCEV2,PCE
STU00138,C_AIML_OAEV1,OAE
STU00138,C_AIML_PCEV1,PCE
STU00139,C_AIML_OAEV2,OAE
STU00139,C_AIML_PCEV2,PCE
STU00140,C_AIML_OAEV1,OAE
STU00140,C_AIML_PCEV1,PCE
STU00141,C_AIML_OAEV2,OAE
STU00141,C_AIML_PCEV2,PCE
STU00142,C_AIML_OAEV1,OAE
STU00142,C_AIML_PCEV1,PCE
STU00143,C_AIML_OAEV2,OAE
STU00143,C_AIML_PCEV2,PCE
STU00144,C_AIML_OAEV1,OAE
STU00144,C_AIML_PCEV1,PCE
STU00145,C_AIML_OAEV2,OAE
STU00145,C_AIML_PCEV2,PCE
STU00146,C_AIML_OAEV1,OAE
STU00146,C_AIML_PCEV1,PCE
STU00147,C_AIML_OAEV2,OAE
STU00147,C_AIML_PCEV2,PCE
STU00148,C_AIML_OAEV1,OAE
STU00148,C_AIML_PCEV1,PCE
STU00149,C_AIML_OAEV2,OAE
STU00149,C_AIML_PCEV2,PCE
STU00150,C_AIML_OAEV1,OAE
STU00150,C_AIML_PCEV1,PCE
STU00151,C_AIML_OAEV2,OAE
STU00151,C_AIML_PCEV2,PCE
STU00152,C_AIML_OAEV1,OAE
STU00152,C_AIML_PCEV1,PCE
STU00153,C_AIML_OAEV2,OAE
STU00153,C_AIML_PCEV2,PCE
STU00154,C_AIML_OAEV1,OAE
STU00154,C_AIML_PCEV1,PCE
STU00155,C_AIML_OAEV2,OAE
STU00155,C_AIML_PCEV2,PCE
STU00156,C_AIML_OAEV1,OAE
STU00156,C_AIML_PCEV1,PCE
STU00157,C_AIML_OAEV2,OAE
STU00157,C_AIML_PCEV2,PCE
STU00158,C_AIML_OAEV1,OAE
STU00158,C_AIML_PCEV1,PCE
STU00159,C_AIML_OAEV2,OAE
STU00159,C_AIML_PCEV2,PCE
STU00160,C_AIML_OAEV1,OAE
STU00160,C_AIML_PCEV1,PCE
STU00161,C_AIML_OAEV2,OAE
STU00161,C_AIML_PCEV2,PCE
STU00162,C_AIML_OAEV1,OAE
STU00162,C_AIML_PCEV1,PCE
STU00163,C_AIML_OAEV2,OAE
STU00163,C_AIML_PCEV2,PCE
STU00164,C_AIML_OAEV1,OAE
STU00164,C_AIML_PCEV1,PCE
STU00165,C_AIML_OAEV2,OAE
STU00165,C_AIML_PCEV2,PCE
STU00166,C_AIML_OAEV1,OAE
STU00166,C_AIML_PCEV1,PCE
STU00167,C_AIML_OAEV2,OAE
STU00167,C_AIML_PCEV2,PCE
STU00168,C_AIML_OAEV1,OAE
STU00168,C_AIML_PCEV1,PCE
STU00169,C_AIML_OAEV2,OAE
STU00169,C_AIML_PCEV2,PCE
STU00170,C_AIML_OAEV1,OAE
STU00170,C_AIML_PCEV1,PCE
STU00171,C_AIML_OAEV2,OAE
STU00171,C_AIML_PCEV2,PCE
STU00172,C_AIML_OAEV1,OAE
STU00172,C_AIML_PCEV1,PCE
STU00173,C_AIML_OAEV2,OAE
STU00173,C_AIML_PCEV2,PCE
STU00174,C_AIML_OAEV1,OAE
STU00174,C_AIML_PCEV1,PCE
STU00175,C_AIML_OAEV2,OAE
STU00175,C_AIML_PCEV2,PCE
STU00176,C_AIML_OAEV1,OAE
STU00176,C_AIML_PCEV1,PCE
STU00177,C_AIML_OAEV2,OAE
STU00177,C_AIML_PCEV2,PCE
STU00178,C_AR_OAEV1,OAE
STU00178,C_AR_PCEV1,PCE
STU00179,C_AR_OAEV2,OAE
STU00179,C_AR_PCEV2,PCE
STU00180,C_AR_OAEV1,OAE
STU00180,C_AR_PCEV1,PCE
STU00181,C_AR_OAEV2,OAE
STU00181,C_AR_PCEV2,PCE
STU00182,C_AR_OAEV1,OAE
STU00182,C_AR_PCEV1,PCE
STU00183,C_AR_OAEV2,OAE
STU00183,C_AR_PCEV2,PCE
STU00184,C_AR_OAEV1,OAE
STU00184,C_AR_PCEV1,PCE
STU00185,C_AR_OAEV2,OAE
STU00185,C_AR_PCEV2,PCE
STU00186,C_AR_OAEV1,OAE
STU00186,C_AR_PCEV1,PCE
STU00187,C_AR_OAEV2,OAE
STU00187,C_AR_PCEV2,PCE
STU00188,C_AR_OAEV1,OAE
STU00188,C_AR_PCEV1,PCE
STU00189,C_AR_OAEV2,OAE
STU00189,C_AR_PCEV2,PCE
STU00190,C_AR_OAEV1,OAE
STU00190,C_AR_PCEV1,PCE
STU00191,C_AR_OAEV2,OAE
STU00191,C_AR_PCEV2,PCE
STU00192,C_AR_OAEV1,OAE
STU00192,C_AR_PCEV1,PCE
STU00193,C_AR_OAEV2,OAE
STU00193,C_AR_PCEV2,PCE
STU00194,C_AR_OAEV1,OAE
STU00194,C_AR_PCEV1,PCE
STU00195,C_AR_OAEV2,OAE
STU00195,C_AR_PCEV2,PCE
STU00196,C_AR_OAEV1,OAE
STU00196,C_AR_PCEV1,PCE
STU00197,C_AR_OAEV2,OAE
STU00197,C_AR_PCEV2,PCE
STU00198,C_AR_OAEV1,OAE
STU00198,C_AR_PCEV1,PCE
STU00199,C_AR_OAEV2,OAE
STU00199,C_AR_PCEV2,PCE
STU00200,C_AR_OAEV1,OAE
STU00200,C_AR_PCEV1,PCE
STU00201,C_AR_OAEV2,OAE
STU00201,C_AR_PCEV2,PCE
STU00202,C_AR_OAEV1,OAE
STU00202,C_AR_PCEV1,PCE
STU00203,C_AR_OAEV2,OAE
STU00203,C_AR_PCEV2,PCE
STU00204,C_AR_OAEV1,OAE
STU00204,C_AR_PCEV1,PCE
STU00205,C_AR_OAEV2,OAE
STU00205,C_AR_PCEV2,PCE
STU00206,C_AR_OAEV1,OAE
STU00206,C_AR_PCEV1,PCE
STU00207,C_AR_OAEV2,OAE
STU00207,C_AR_PCEV2,PCE
STU00208,C_AR_OAEV1,OAE
STU00208,C_AR_PCEV1,PCE
STU00209,C_AR_OAEV2,OAE
STU00209,C_AR_PCEV2,PCE
STU00210,C_AR_OAEV1,OAE
STU00210,C_AR_PCEV1,PCE
STU00211,C_AR_OAEV2,OAE
STU00211,C_AR_PCEV2,PCE
STU00212,C_AR_OAEV1,OAE
STU00212,C_AR_PCEV1,PCE
STU00213,C_AR_OAEV2,OAE
STU00213,C_AR_PCEV2,PCE
STU00214,C_AR_OAEV1,OAE
STU00214,C_AR_PCEV1,PCE
STU00215,C_AR_OAEV2,OAE
STU00215,C_AR_PCEV2,PCE
STU00216,C_AR_OAEV1,OAE
STU00216,C_AR_PCEV1,PCE
STU00217,C_AR_OAEV2,OAE
STU00217,C_AR_PCEV2,PCE
STU00218,C_AR_OAEV1,OAE
STU00218,C_AR_PCEV1,PCE
STU00219,C_AR_OAEV2,OAE
STU00219,C_AR_PCEV2,PCE
STU00220,C_AR_OAEV1,OAE
STU00220,C_AR_PCEV1,PCE
STU00221,C_AR_OAEV2,OAE
STU00221,C_AR_PCEV2,PCE
STU00222,C_AR_OAEV1,OAE
STU00222,C_AR_PCEV1,PCE
STU00223,C_AR_OAEV2,OAE
STU00223,C_AR_PCEV2,PCE
STU00224,C_AR_OAEV1,OAE
STU00224,C_AR_PCEV1,PCE
STU00225,C_AR_OAEV2,OAE
STU00225,C_AR_PCEV2,PCE
STU00226,C_AR_OAEV1,OAE
STU00226,C_AR_PCEV1,PCE
STU00227,C_AR_OAEV1,OAE
STU00227,C_AR_PCEV1,PCE
STU00228,C_AR_OAEV2,OAE
STU00228,C_AR_PCEV2,PCE
STU00229,C_AR_OAEV1,OAE
STU00229,C_AR_PCEV1,PCE
STU00230,C_AR_OAEV2,OAE
STU00230,C_AR_PCEV2,PCE
STU00231,C_AR_OAEV1,OAE
STU00231,C_AR_PCEV1,PCE
STU00232,C_AR_OAEV2,OAE
STU00232,C_AR_PCEV2,PCE
STU00233,C_AR_OAEV1,OAE
STU00233,C_AR_PCEV1,PCE
STU00234,C_AR_OAEV2,OAE
STU00234,C_AR_PCEV2,PCE
STU00235,C_AR_OAEV1,OAE
STU00235,C_AR_PCEV1,PCE
STU00236,C_AR_OAEV2,OAE
STU00236,C_AR_PCEV2,PCE
STU00237,C_AR_OAEV1,OAE
STU00237,C_AR_PCEV1,PCE
STU00238,C_AR_OAEV2,OAE
STU00238,C_AR_PCEV2,PCE
STU00239,C_AR_OAEV1,OAE
STU00239,C_AR_PCEV1,PCE
STU00240,C_AR_OAEV2,OAE
STU00240,C_AR_PCEV2,PCE
STU00241,C_AR_OAEV1,OAE
STU00241,C_AR_PCEV1,PCE
STU00242,C_AR_OAEV2,OAE
STU00242,C_AR_PCEV2,PCE
STU00243,C_AR_OAEV1,OAE
STU00243,C_AR_PCEV1,PCE
STU00244,C_AR_OAEV2,OAE
STU00244,C_AR_PCEV2,PCE
STU00245,C_AR_OAEV1,OAE
STU00245,C_AR_PCEV1,PCE
STU00246,C_AR_OAEV2,OAE
STU00246,C_AR_PCEV2,PCE
STU00247,C_AR_OAEV1,OAE
STU00247,C_AR_PCEV1,PCE
STU00248,C_AR_OAEV2,OAE
STU00248,C_AR_PCEV2,PCE
STU00249,C_AR_OAEV1,OAE
STU00249,C_AR_PCEV1,PCE
STU00250,C_AR_OAEV2,OAE
STU00250,C_AR_PCEV2,PCE
STU00251,C_AR_OAEV1,OAE
STU00251,C_AR_PCEV1,PCE
STU00252,C_AR_OAEV2,OAE
STU00252,C_AR_PCEV2,PCE
STU00253,C_AR_OAEV1,OAE
STU00253,C_AR_PCEV1,PCE
STU00254,C_AR_OAEV2,OAE
STU00254,C_AR_PCEV2,PCE
STU00255,C_AR_OAEV1,OAE
STU00255,C_AR_PCEV1,PCE
STU00256,C_AR_OAEV2,OAE
STU00256,C_AR_PCEV2,PCE
STU00257,C_AR_OAEV1,OAE
STU00257,C_AR_PCEV1,PCE
STU00258,C_AR_OAEV2,OAE
STU00258,C_AR_PCEV2,PCE
STU00259,C_AR_OAEV1,OAE
STU00259,C_AR_PCEV1,PCE
STU00260,C_AR_OAEV2,OAE
STU00260,C_AR_PCEV2,PCE
STU00261,C_AR_OAEV1,OAE
STU00261,C_AR_PCEV1,PCE
STU00262,C_AR_OAEV2,OAE
STU00262,C_AR_PCEV2,PCE
STU00263,C_AR_OAEV1,OAE
STU00263,C_AR_PCEV1,PCE
STU00264,C_AR_OAEV2,OAE
STU00264,C_AR_PCEV2,PCE
STU00265,C_AR_OAEV1,OAE
STU00265,C_AR_PCEV1,PCE
STU00266,C_IIOT_OAEV1,OAE
STU00266,C_IIOT_PCEV1,PCE
STU00267,C_IIOT_OAEV2,OAE
STU00267,C_IIOT_PCEV2,PCE
STU00268,C_IIOT_OAEV1,OAE
STU00268,C_IIOT_PCEV1,PCE
STU00269,C_IIOT_OAEV2,OAE
STU00269,C_IIOT_PCEV2,PCE
STU00270,C_IIOT_OAEV1,OAE
STU00270,C_IIOT_PCEV1,PCE
STU00271,C_IIOT_OAEV2,OAE
STU00271,C_IIOT_PCEV2,PCE
STU00272,C_IIOT_OAEV1,OAE
STU00272,C_IIOT_PCEV1,PCE
STU00273,C_IIOT_OAEV2,OAE
STU00273,C_IIOT_PCEV2,PCE
STU00274,C_IIOT_OAEV1,OAE
STU00274,C_IIOT_PCEV1,PCE
STU00275,C_IIOT_OAEV2,OAE
STU00275,C_IIOT_PCEV2,PCE
STU00276,C_IIOT_OAEV1,OAE
STU00276,C_IIOT_PCEV1,PCE
STU00277,C_IIOT_OAEV2,OAE
STU00277,C_IIOT_PCEV2,PCE
STU00278,C_IIOT_OAEV1,OAE
STU00278,C_IIOT_PCEV1,PCE
STU00279,C_IIOT_OAEV2,OAE
STU00279,C_IIOT_PCEV2,PCE
STU00280,C_IIOT_OAEV1,OAE
STU00280,C_IIOT_PCEV1,PCE
STU00281,C_IIOT_OAEV2,OAE
STU00281,C_IIOT_PCEV2,PCE
STU00282,C_IIOT_OAEV1,OAE
STU00282,C_IIOT_PCEV1,PCE
STU00283,C_IIOT_OAEV2,OAE
STU00283,C_IIOT_PCEV2,PCE
STU00284,C_IIOT_OAEV1,OAE
STU00284,C_IIOT_PCEV1,PCE
STU00285,C_IIOT_OAEV2,OAE
STU00285,C_IIOT_PCEV2,PCE
STU00286,C_IIOT_OAEV1,OAE
STU00286,C_IIOT_PCEV1,PCE
STU00287,C_IIOT_OAEV2,OAE
STU00287,C_IIOT_PCEV2,PCE
STU00288,C_IIOT_OAEV1,OAE
STU00288,C_IIOT_PCEV1,PCE
STU00289,C_IIOT_OAEV2,OAE
STU00289,C_IIOT_PCEV2,PCE
STU00290,C_IIOT_OAEV1,OAE
STU00290,C_IIOT_PCEV1,PCE
STU00291,C_IIOT_OAEV2,OAE
STU00291,C_IIOT_PCEV2,PCE
STU00292,C_IIOT_OAEV1,OAE
STU00292,C_IIOT_PCEV1,PCE
STU00293,C_IIOT_OAEV2,OAE
STU00293,C_IIOT_PCEV2,PCE
STU00294,C_IIOT_OAEV1,OAE
STU00294,C_IIOT_PCEV1,PCE
STU00295,C_IIOT_OAEV2,OAE
STU00295,C_IIOT_PCEV2,PCE
STU00296,C_IIOT_OAEV1,OAE
STU00296,C_IIOT_PCEV1,PCE
STU00297,C_IIOT_OAEV2,OAE
STU00297,C_IIOT_PCEV2,PCE
STU00298,C_IIOT_OAEV1,OAE
STU00298,C_IIOT_PCEV1,PCE
STU00299,C_IIOT_OAEV2,OAE
STU00299,C_IIOT_PCEV2,PCE
STU00300,C_IIOT_OAEV1,OAE
STU00300,C_IIOT_PCEV1,PCE
STU00301,C_IIOT_OAEV2,OAE
STU00301,C_IIOT_PCEV2,PCE
STU00302,C_IIOT_OAEV1,OAE
STU00302,C_IIOT_PCEV1,PCE
STU00303,C_IIOT_OAEV2,OAE
STU00303,C_IIOT_PCEV2,PCE
STU00304,C_IIOT_OAEV1,OAE
STU00304,C_IIOT_PCEV1,PCE
STU00305,C_IIOT_OAEV2,OAE
STU00305,C_IIOT_PCEV2,PCE
STU00306,C_IIOT_OAEV1,OAE
STU00306,C_IIOT_PCEV1,PCE
STU00307,C_IIOT_OAEV2,OAE
STU00307,C_IIOT_PCEV2,PCE
STU00308,C_IIOT_OAEV1,OAE
STU00308,C_IIOT_PCEV1,PCE
STU00309,C_IIOT_OAEV2,OAE
STU00309,C_IIOT_PCEV2,PCE
STU00310,C_IIOT_OAEV1,OAE
STU00310,C_IIOT_PCEV1,PCE
STU00311,C_IIOT_OAEV2,OAE
STU00311,C_IIOT_PCEV2,PCE
STU00312,C_IIOT_OAEV1,OAE
STU00312,C_IIOT_PCEV1,PCE
STU00313,C_IIOT_OAEV2,OAE
STU00313,C_IIOT_PCEV2,PCE
STU00314,C_IIOT_OAEV1,OAE
STU00314,C_IIOT_PCEV1,PCE
STU00315,C_IIOT_OAEV2,OAE
STU00315,C_IIOT_PCEV2,PCE
STU00316,C_IIOT_OAEV1,OAE
STU00316,C_IIOT_PCEV1,PCE
STU00317,C_IIOT_OAEV2,OAE
STU00317,C_IIOT_PCEV2,PCE
STU00318,C_IIOT_OAEV1,OAE
STU00318,C_IIOT_PCEV1,PCE
STU00319,C_IIOT_OAEV2,OAE
STU00319,C_IIOT_PCEV2,PCE
STU00320,C_IIOT_OAEV1,OAE
STU00320,C_IIOT_PCEV1,PCE
STU00321,C_IIOT_OAEV2,OAE
STU00321,C_IIOT_PCEV2,PCE
STU00322,C_IIOT_OAEV1,OAE
STU00322,C_IIOT_PCEV1,PCE
STU00323,C_IIOT_OAEV2,OAE
STU00323,C_IIOT_PCEV2,PCE
STU00324,C_IIOT_OAEV1,OAE
STU00324,C_IIOT_PCEV1,PCE
STU00325,C_IIOT_OAEV2,OAE
STU00325,C_IIOT_PCEV2,PCE
STU00326,C_IIOT_OAEV1,OAE
STU00326,C_IIOT_PCEV1,PCE
STU00327,C_IIOT_OAEV2,OAE
STU00327,C_IIOT_PCEV2,PCE
STU00328,C_IIOT_OAEV1,OAE
STU00328,C_IIOT_PCEV1,PCE
STU00329,C_IIOT_OAEV2,OAE
STU00329,C_IIOT_PCEV2,PCE
STU00330,C_IIOT_OAEV1,OAE
STU00330,C_IIOT_PCEV1,PCE
STU00331,C_IIOT_OAEV2,OAE
STU00331,C_IIOT_PCEV2,PCE
STU00332,C_IIOT_OAEV1,OAE
STU00332,C_IIOT_PCEV1,PCE
STU00333,C_IIOT_OAEV2,OAE
STU00333,C_IIOT_PCEV2,PCE
STU00334,C_IIOT_OAEV1,OAE
STU00334,C_IIOT_PCEV1,PCE
STU00335,C_IIOT_OAEV2,OAE
STU00335,C_IIOT_PCEV2,PCE
STU00336,C_IIOT_OAEV1,OAE
STU00336,C_IIOT_PCEV1,PCE
STU00337,C_IIOT_OAEV2,OAE
STU00337,C_IIOT_PCEV2,PCE
STU00338,C_IIOT_OAEV1,OAE
STU00338,C_IIOT_PCEV1,PCE
STU00339,C_IIOT_OAEV2,OAE
STU00339,C_IIOT_PCEV2,PCE
STU00340,C_IIOT_OAEV1,OAE
STU00340,C_IIOT_PCEV1,PCE
STU00341,C_IIOT_OAEV2,OAE
STU00341,C_IIOT_PCEV2,PCE
STU00342,C_IIOT_OAEV1,OAE
STU00342,C_IIOT_PCEV1,PCE
STU00343,C_IIOT_OAEV2,OAE
STU00343,C_IIOT_PCEV2,PCE
STU00344,C_IIOT_OAEV1,OAE
STU00344,C_IIOT_PCEV1,PCE
STU00345,C_IIOT_OAEV2,OAE
STU00345,C_IIOT_PCEV2,PCE
STU00346,C_IIOT_OAEV1,OAE
STU00346,C_IIOT_PCEV1,PCE
STU00347,C_IIOT_OAEV2,OAE
STU00347,C_IIOT_PCEV2,PCE
STU00348,C_AIDS_OAEVII1,OAE
STU00348,C_AIDS_PCEVII1,PCE
STU00349,C_AIDS_OAEVII2,OAE
STU00349,C_AIDS_PCEVII2,PCE
STU00350,C_AIDS_OAEVII1,OAE
STU00350,C_AIDS_PCEVII1,PCE
STU00351,C_AIDS_OAEVII2,OAE
STU00351,C_AIDS_PCEVII2,PCE
STU00352,C_AIDS_OAEVII1,OAE
STU00352,C_AIDS_PCEVII1,PCE
STU00353,C_AIDS_OAEVII2,OAE
STU00353,C_AIDS_PCEVII2,PCE
STU00354,C_AIDS_OAEVII1,OAE
STU00354,C_AIDS_PCEVII1,PCE
STU00355,C_AIDS_OAEVII2,OAE
STU00355,C_AIDS_PCEVII2,PCE
STU00356,C_AIDS_OAEVII1,OAE
STU00356,C_AIDS_PCEVII1,PCE
STU00357,C_AIDS_OAEVII2,OAE
STU00357,C_AIDS_PCEVII2,PCE
STU00358,C_AIDS_OAEVII1,OAE
STU00358,C_AIDS_PCEVII1,PCE
STU00359,C_AIDS_OAEVII2,OAE
STU00359,C_AIDS_PCEVII2,PCE
STU00360,C_AIDS_OAEVII1,OAE
STU00360,C_AIDS_PCEVII1,PCE
STU00361,C_AIDS_OAEVII2,OAE
STU00361,C_AIDS_PCEVII2,PCE
STU00362,C_AIDS_OAEVII1,OAE
STU00362,C_AIDS_PCEVII1,PCE
STU00363,C_AIDS_OAEVII2,OAE
STU00363,C_AIDS_PCEVII2,PCE
STU00364,C_AIDS_OAEVII1,OAE
STU00364,C_AIDS_PCEVII1,PCE
STU00365,C_AIDS_OAEVII2,OAE
STU00365,C_AIDS_PCEVII2,PCE
STU00366,C_AIDS_OAEVII1,OAE
STU00366,C_AIDS_PCEVII1,PCE
STU00367,C_AIDS_OAEVII2,OAE
STU00367,C_AIDS_PCEVII2,PCE
STU00368,C_AIDS_OAEVII1,OAE
STU00368,C_AIDS_PCEVII1,PCE
STU00369,C_AIDS_OAEVII2,OAE
STU00369,C_AIDS_PCEVII2,PCE
STU00370,C_AIDS_OAEVII1,OAE
STU00370,C_AIDS_PCEVII1,PCE
STU00371,C_AIDS_OAEVII2,OAE
STU00371,C_AIDS_PCEVII2,PCE
STU00372,C_AIDS_OAEVII1,OAE
STU00372,C_AIDS_PCEVII1,PCE
STU00373,C_AIDS_OAEVII2,OAE
STU00373,C_AIDS_PCEVII2,PCE
STU00374,C_AIDS_OAEVII1,OAE
STU00374,C_AIDS_PCEVII1,PCE
STU00375,C_AIDS_OAEVII2,OAE
STU00375,C_AIDS_PCEVII2,PCE
STU00376,C_AIDS_OAEVII1,OAE
STU00376,C_AIDS_PCEVII1,PCE
STU00377,C_AIDS_OAEVII2,OAE
STU00377,C_AIDS_PCEVII2,PCE
STU00378,C_AIDS_OAEVII1,OAE
STU00378,C_AIDS_PCEVII1,PCE
STU00379,C_AIDS_OAEVII2,OAE
STU00379,C_AIDS_PCEVII2,PCE
STU00380,C_AIDS_OAEVII1,OAE
STU00380,C_AIDS_PCEVII1,PCE
STU00381,C_AIDS_OAEVII2,OAE
STU00381,C_AIDS_PCEVII2,PCE
STU00382,C_AIDS_OAEVII1,OAE
STU00382,C_AIDS_PCEVII1,PCE
STU00383,C_AIDS_OAEVII2,OAE
STU00383,C_AIDS_PCEVII2,PCE
STU00384,C_AIDS_OAEVII1,OAE
STU00384,C_AIDS_PCEVII1,PCE
STU00385,C_AIDS_OAEVII2,OAE
STU00385,C_AIDS_PCEVII2,PCE
STU00386,C_AIDS_OAEVII1,OAE
STU00386,C_AIDS_PCEVII1,PCE
STU00387,C_AIDS_OAEVII2,OAE
STU00387,C_AIDS_PCEVII2,PCE
STU00388,C_AIDS_OAEVII1,OAE
STU00388,C_AIDS_PCEVII1,PCE
STU00389,C_AIDS_OAEVII2,OAE
STU00389,C_AIDS_PCEVII2,PCE
STU00390,C_AIDS_OAEVII1,OAE
STU00390,C_AIDS_PCEVII1,PCE
STU00391,C_AIDS_OAEVII2,OAE
STU00391,C_AIDS_PCEVII2,PCE
STU00392,C_AIDS_OAEVII1,OAE
STU00392,C_AIDS_PCEVII1,PCE
STU00393,C_AIDS_OAEVII2,OAE
STU00393,C_AIDS_PCEVII2,PCE
STU00394,C_AIDS_OAEVII1,OAE
STU00394,C_AIDS_PCEVII1,PCE
STU00395,C_AIDS_OAEVII2,OAE
STU00395,C_AIDS_PCEVII2,PCE
STU00396,C_AIDS_OAEVII1,OAE
STU00396,C_AIDS_PCEVII1,PCE
STU00397,C_AIDS_OAEVII2,OAE
STU00397,C_AIDS_PCEVII2,PCE
STU00398,C_AIDS_OAEVII1,OAE
STU00398,C_AIDS_PCEVII1,PCE
STU00399,C_AIDS_OAEVII2,OAE
STU00399,C_AIDS_PCEVII2,PCE
STU00400,C_AIDS_OAEVII1,OAE
STU00400,C_AIDS_PCEVII1,PCE
STU00401,C_AIDS_OAEVII2,OAE
STU00401,C_AIDS_PCEVII2,PCE
STU00402,C_AIDS_OAEVII1,OAE
STU00402,C_AIDS_PCEVII1,PCE
STU00403,C_AIDS_OAEVII2,OAE
STU00403,C_AIDS_PCEVII2,PCE
STU00404,C_AIDS_OAEVII1,OAE
STU00404,C_AIDS_PCEVII1,PCE
STU00405,C_AIDS_OAEVII2,OAE
STU00405,C_AIDS_PCEVII2,PCE
STU00406,C_AIDS_OAEVII1,OAE
STU00406,C_AIDS_PCEVII1,PCE
STU00407,C_AIDS_OAEVII2,OAE
STU00407,C_AIDS_PCEVII2,PCE
STU00408,C_AIDS_OAEVII1,OAE
STU00408,C_AIDS_PCEVII1,PCE
STU00409,C_AIDS_OAEVII2,OAE
STU00409,C_AIDS_PCEVII2,PCE
STU00410,C_AIDS_OAEVII1,OAE
STU00410,C_AIDS_PCEVII1,PCE
STU00411,C_AIDS_OAEVII2,OAE
STU00411,C_AIDS_PCEVII2,PCE
STU00412,C_AIDS_OAEVII1,OAE
STU00412,C_AIDS_PCEVII1,PCE
STU00413,C_AIDS_OAEVII2,OAE
STU00413,C_AIDS_PCEVII2,PCE
STU00414,C_AIDS_OAEVII1,OAE
STU00414,C_AIDS_PCEVII1,PCE
STU00415,C_AIDS_OAEVII2,OAE
STU00415,C_AIDS_PCEVII2,PCE
STU00416,C_AIDS_OAEVII1,OAE
STU00416,C_AIDS_PCEVII1,PCE
STU00417,C_AIDS_OAEVII2,OAE
STU00417,C_AIDS_PCEVII2,PCE
STU00418,C_AIDS_OAEVII1,OAE
STU00418,C_AIDS_PCEVII1,PCE
STU00419,C_AIDS_OAEVII2,OAE
STU00419,C_AIDS_PCEVII2,PCE
STU00420,C_AIDS_OAEVII1,OAE
STU00420,C_AIDS_PCEVII1,PCE
STU00421,C_AIDS_OAEVII2,OAE
STU00421,C_AIDS_PCEVII2,PCE
STU00422,C_AIDS_OAEVII1,OAE
STU00422,C_AIDS_PCEVII1,PCE
STU00423,C_AIDS_OAEVII2,OAE
STU00423,C_AIDS_PCEVII2,PCE
STU00424,C_AIDS_OAEVII1,OAE
STU00424,C_AIDS_PCEVII1,PCE
STU00425,C_AIDS_OAEVII2,OAE
STU00425,C_AIDS_PCEVII2,PCE
STU00426,C_AIDS_OAEVII1,OAE
STU00426,C_AIDS_PCEVII1,PCE
STU00427,C_AIDS_OAEVII2,OAE
STU00427,C_AIDS_PCEVII2,PCE
STU00428,C_AIDS_OAEVII1,OAE
STU00428,C_AIDS_PCEVII1,PCE
STU00429,C_AIDS_OAEVII2,OAE
STU00429,C_AIDS_PCEVII2,PCE
STU00430,C_AIDS_OAEVII1,OAE
STU00430,C_AIDS_PCEVII1,PCE
STU00431,C_AIDS_OAEVII2,OAE
STU00431,C_AIDS_PCEVII2,PCE
STU00432,C_AIDS_OAEVII1,OAE
STU00432,C_AIDS_PCEVII1,PCE
STU00433,C_AIML_OAEVII1,OAE
STU00433,C_AIML_PCEVII1,PCE
STU00434,C_AIML_OAEVII2,OAE
STU00434,C_AIML_PCEVII2,PCE
STU00435,C_AIML_OAEVII1,OAE
STU00435,C_AIML_PCEVII1,PCE
STU00436,C_AIML_OAEVII2,OAE
STU00436,C_AIML_PCEVII2,PCE
STU00437,C_AIML_OAEVII1,OAE
STU00437,C_AIML_PCEVII1,PCE
STU00438,C_AIML_OAEVII2,OAE
STU00438,C_AIML_PCEVII2,PCE
STU00439,C_AIML_OAEVII1,OAE
STU00439,C_AIML_PCEVII1,PCE
STU00440,C_AIML_OAEVII2,OAE
STU00440,C_AIML_PCEVII2,PCE
STU00441,C_AIML_OAEVII1,OAE
STU00441,C_AIML_PCEVII1,PCE
STU00442,C_AIML_OAEVII2,OAE
STU00442,C_AIML_PCEVII2,PCE
STU00443,C_AIML_OAEVII1,OAE
STU00443,C_AIML_PCEVII1,PCE
STU00444,C_AIML_OAEVII2,OAE
STU00444,C_AIML_PCEVII2,PCE
STU00445,C_AIML_OAEVII1,OAE
STU00445,C_AIML_PCEVII1,PCE
STU00446,C_AIML_OAEVII2,OAE
STU00446,C_AIML_PCEVII2,PCE
STU00447,C_AIML_OAEVII1,OAE
STU00447,C_AIML_PCEVII1,PCE
STU00448,C_AIML_OAEVII2,OAE
STU00448,C_AIML_PCEVII2,PCE
STU00449,C_AIML_OAEVII1,OAE
STU00449,C_AIML_PCEVII1,PCE
STU00450,C_AIML_OAEVII2,OAE
STU00450,C_AIML_PCEVII2,PCE
STU00451,C_AIML_OAEVII1,OAE
STU00451,C_AIML_PCEVII1,PCE
STU00452,C_AIML_OAEVII2,OAE
STU00452,C_AIML_PCEVII2,PCE
STU00453,C_AIML_OAEVII1,OAE
STU00453,C_AIML_PCEVII1,PCE
STU00454,C_AIML_OAEVII2,OAE
STU00454,C_AIML_PCEVII2,PCE
STU00455,C_AIML_OAEVII1,OAE
STU00455,C_AIML_PCEVII1,PCE
STU00456,C_AIML_OAEVII2,OAE
STU00456,C_AIML_PCEVII2,PCE
STU00457,C_AIML_OAEVII1,OAE
STU00457,C_AIML_PCEVII1,PCE
STU00458,C_AIML_OAEVII2,OAE
STU00458,C_AIML_PCEVII2,PCE
STU00459,C_AIML_OAEVII1,OAE
STU00459,C_AIML_PCEVII1,PCE
STU00460,C_AIML_OAEVII2,OAE
STU00460,C_AIML_PCEVII2,PCE
STU00461,C_AIML_OAEVII1,OAE
STU00461,C_AIML_PCEVII1,PCE
STU00462,C_AIML_OAEVII2,OAE
STU00462,C_AIML_PCEVII2,PCE
STU00463,C_AIML_OAEVII1,OAE
STU00463,C_AIML_PCEVII1,PCE
STU00464,C_AIML_OAEVII2,OAE
STU00464,C_AIML_PCEVII2,PCE
STU00465,C_AIML_OAEVII1,OAE
STU00465,C_AIML_PCEVII1,PCE
STU00466,C_AIML_OAEVII2,OAE
STU00466,C_AIML_PCEVII2,PCE
STU00467,C_AIML_OAEVII1,OAE
STU00467,C_AIML_PCEVII1,PCE
STU00468,C_AIML_OAEVII2,OAE
STU00468,C_AIML_PCEVII2,PCE
STU00469,C_AIML_OAEVII1,OAE
STU00469,C_AIML_PCEVII1,PCE
STU00470,C_AIML_OAEVII2,OAE
STU00470,C_AIML_PCEVII2,PCE
STU00471,C_AIML_OAEVII1,OAE
STU00471,C_AIML_PCEVII1,PCE
STU00472,C_AIML_OAEVII2,OAE
STU00472,C_AIML_PCEVII2,PCE
STU00473,C_AIML_OAEVII1,OAE
STU00473,C_AIML_PCEVII1,PCE
STU00474,C_AIML_OAEVII2,OAE
STU00474,C_AIML_PCEVII2,PCE
STU00475,C_AIML_OAEVII1,OAE
STU00475,C_AIML_PCEVII1,PCE
STU00476,C_AIML_OAEVII2,OAE
STU00476,C_AIML_PCEVII2,PCE
STU00477,C_AIML_OAEVII1,OAE
STU00477,C_AIML_PCEVII1,PCE
STU00478,C_AIML_OAEVII2,OAE
STU00478,C_AIML_PCEVII2,PCE
STU00479,C_AIML_OAEVII1,OAE
STU00479,C_AIML_PCEVII1,PCE
STU00480,C_AIML_OAEVII2,OAE
STU00480,C_AIML_PCEVII2,PCE
STU00481,C_AIML_OAEVII1,OAE
STU00481,C_AIML_PCEVII1,PCE
STU00482,C_AIML_OAEVII2,OAE
STU00482,C_AIML_PCEVII2,PCE
STU00483,C_AIML_OAEVII1,OAE
STU00483,C_AIML_PCEVII1,PCE
STU00484,C_AIML_OAEVII2,OAE
STU00484,C_AIML_PCEVII2,PCE
STU00485,C_AIML_OAEVII1,OAE
STU00485,C_AIML_PCEVII1,PCE
STU00486,C_AIML_OAEVII2,OAE
STU00486,C_AIML_PCEVII2,PCE
STU00487,C_AIML_OAEVII1,OAE
STU00487,C_AIML_PCEVII1,PCE
STU00488,C_AIML_OAEVII2,OAE
STU00488,C_AIML_PCEVII2,PCE
STU00489,C_AIML_OAEVII1,OAE
STU00489,C_AIML_PCEVII1,PCE
STU00490,C_AIML_OAEVII2,OAE
STU00490,C_AIML_PCEVII2,PCE
STU00491,C_AIML_OAEVII1,OAE
STU00491,C_AIML_PCEVII1,PCE
STU00492,C_AIML_OAEVII2,OAE
STU00492,C_AIML_PCEVII2,PCE
STU00493,C_AIML_OAEVII1,OAE
STU00493,C_AIML_PCEVII1,PCE
STU00494,C_AIML_OAEVII2,OAE
STU00494,C_AIML_PCEVII2,PCE
STU00495,C_AIML_OAEVII1,OAE
STU00495,C_AIML_PCEVII1,PCE
STU00496,C_AIML_OAEVII2,OAE
STU00496,C_AIML_PCEVII2,PCE
STU00497,C_AIML_OAEVII1,OAE
STU00497,C_AIML_PCEVII1,PCE
STU00498,C_AIML_OAEVII2,OAE
STU00498,C_AIML_PCEVII2,PCE
STU00499,C_AIML_OAEVII1,OAE
STU00499,C_AIML_PCEVII1,PCE
STU00500,C_AIML_OAEVII2,OAE
STU00500,C_AIML_PCEVII2,PCE
STU00501,C_AIML_OAEVII1,OAE
STU00501,C_AIML_PCEVII1,PCE
STU00502,C_AIML_OAEVII2,OAE
STU00502,C_AIML_PCEVII2,PCE
STU00503,C_AIML_OAEVII1,OAE
STU00503,C_AIML_PCEVII1,PCE
STU00504,C_AIML_OAEVII2,OAE
STU00504,C_AIML_PCEVII2,PCE
STU00505,C_AIML_OAEVII1,OAE
STU00505,C_AIML_PCEVII1,PCE
STU00506,C_AIML_OAEVII2,OAE
STU00506,C_AIML_PCEVII2,PCE
STU00507,C_AIML_OAEVII1,OAE
STU00507,C_AIML_PCEVII1,PCE
STU00508,C_AR_OAEVII1,OAE
STU00508,C_AR_PCEVII1,PCE
STU00509,C_AR_OAEVII2,OAE
STU00509,C_AR_PCEVII2,PCE
STU00510,C_AR_OAEVII1,OAE
STU00510,C_AR_PCEVII1,PCE
STU00511,C_AR_OAEVII2,OAE
STU00511,C_AR_PCEVII2,PCE
STU00512,C_AR_OAEVII1,OAE
STU00512,C_AR_PCEVII1,PCE
STU00513,C_AR_OAEVII2,OAE
STU00513,C_AR_PCEVII2,PCE
STU00514,C_AR_OAEVII1,OAE
STU00514,C_AR_PCEVII1,PCE
STU00515,C_AR_OAEVII2,OAE
STU00515,C_AR_PCEVII2,PCE
STU00516,C_AR_OAEVII1,OAE
STU00516,C_AR_PCEVII1,PCE
STU00517,C_AR_OAEVII2,OAE
STU00517,C_AR_PCEVII2,PCE
STU00518,C_AR_OAEVII1,OAE
STU00518,C_AR_PCEVII1,PCE
STU00519,C_AR_OAEVII2,OAE
STU00519,C_AR_PCEVII2,PCE
STU00520,C_AR_OAEVII1,OAE
STU00520,C_AR_PCEVII1,PCE
STU00521,C_AR_OAEVII2,OAE
STU00521,C_AR_PCEVII2,PCE
STU00522,C_AR_OAEVII1,OAE
STU00522,C_AR_PCEVII1,PCE
STU00523,C_AR_OAEVII2,OAE
STU00523,C_AR_PCEVII2,PCE
STU00524,C_AR_OAEVII1,OAE
STU00524,C_AR_PCEVII1,PCE
STU00525,C_AR_OAEVII2,OAE
STU00525,C_AR_PCEVII2,PCE
STU00526,C_AR_OAEVII1,OAE
STU00526,C_AR_PCEVII1,PCE
STU00527,C_AR_OAEVII2,OAE
STU00527,C_AR_PCEVII2,PCE
STU00528,C_AR_OAEVII1,OAE
STU00528,C_AR_PCEVII1,PCE
STU00529,C_AR_OAEVII2,OAE
STU00529,C_AR_PCEVII2,PCE
STU00530,C_AR_OAEVII1,OAE
STU00530,C_AR_PCEVII1,PCE
STU00531,C_AR_OAEVII2,OAE
STU00531,C_AR_PCEVII2,PCE
STU00532,C_AR_OAEVII1,OAE
STU00532,C_AR_PCEVII1,PCE
STU00533,C_AR_OAEVII2,OAE
STU00533,C_AR_PCEVII2,PCE
STU00534,C_AR_OAEVII1,OAE
STU00534,C_AR_PCEVII1,PCE
STU00535,C_AR_OAEVII2,OAE
STU00535,C_AR_PCEVII2,PCE
STU00536,C_AR_OAEVII1,OAE
STU00536,C_AR_PCEVII1,PCE
STU00537,C_AR_OAEVII2,OAE
STU00537,C_AR_PCEVII2,PCE
STU00538,C_AR_OAEVII1,OAE
STU00538,C_AR_PCEVII1,PCE
STU00539,C_AR_OAEVII2,OAE
STU00539,C_AR_PCEVII2,PCE
STU00540,C_AR_OAEVII1,OAE
STU00540,C_AR_PCEVII1,PCE
STU00541,C_AR_OAEVII2,OAE
STU00541,C_AR_PCEVII2,PCE
STU00542,C_AR_OAEVII1,OAE
STU00542,C_AR_PCEVII1,PCE
STU00543,C_AR_OAEVII2,OAE
STU00543,C_AR_PCEVII2,PCE
STU00544,C_AR_OAEVII1,OAE
STU00544,C_AR_PCEVII1,PCE
STU00545,C_AR_OAEVII2,OAE
STU00545,C_AR_PCEVII2,PCE
STU00546,C_AR_OAEVII1,OAE
STU00546,C_AR_PCEVII1,PCE
STU00547,C_AR_OAEVII2,OAE
STU00547,C_AR_PCEVII2,PCE
STU00548,C_AR_OAEVII1,OAE
STU00548,C_AR_PCEVII1,PCE
STU00549,C_AR_OAEVII2,OAE
STU00549,C_AR_PCEVII2,PCE
STU00550,C_AR_OAEVII1,OAE
STU00550,C_AR_PCEVII1,PCE
STU00551,C_AR_OAEVII2,OAE
STU00551,C_AR_PCEVII2,PCE
STU00552,C_AR_OAEVII1,OAE
STU00552,C_AR_PCEVII1,PCE
STU00553,C_AR_OAEVII2,OAE
STU00553,C_AR_PCEVII2,PCE
STU00554,C_AR_OAEVII1,OAE
STU00554,C_AR_PCEVII1,PCE
STU00555,C_AR_OAEVII2,OAE
STU00555,C_AR_PCEVII2,PCE
STU00556,C_AR_OAEVII1,OAE
STU00556,C_AR_PCEVII1,PCE
STU00557,C_AR_OAEVII2,OAE
STU00557,C_AR_PCEVII2,PCE
STU00558,C_AR_OAEVII1,OAE
STU00558,C_AR_PCEVII1,PCE
STU00559,C_AR_OAEVII2,OAE
STU00559,C_AR_PCEVII2,PCE
STU00560,C_AR_OAEVII1,OAE
STU00560,C_AR_PCEVII1,PCE
STU00561,C_AR_OAEVII2,OAE
STU00561,C_AR_PCEVII2,PCE
STU00562,C_AR_OAEVII1,OAE
STU00562,C_AR_PCEVII1,PCE
STU00563,C_AR_OAEVII2,OAE
STU00563,C_AR_PCEVII2,PCE
STU00564,C_AR_OAEVII1,OAE
STU00564,C_AR_PCEVII1,PCE
STU00565,C_AR_OAEVII2,OAE
STU00565,C_AR_PCEVII2,PCE
STU00566,C_AR_OAEVII1,OAE
STU00566,C_AR_PCEVII1,PCE
STU00567,C_AR_OAEVII2,OAE
STU00567,C_AR_PCEVII2,PCE
STU00568,C_AR_OAEVII1,OAE
STU00568,C_AR_PCEVII1,PCE
STU00569,C_AR_OAEVII2,OAE
STU00569,C_AR_PCEVII2,PCE
STU00570,C_AR_OAEVII1,OAE
STU00570,C_AR_PCEVII1,PCE
STU00571,C_AR_OAEVII2,OAE
STU00571,C_AR_PCEVII2,PCE
STU00572,C_AR_OAEVII1,OAE
STU00572,C_AR_PCEVII1,PCE
STU00573,C_AR_OAEVII2,OAE
STU00573,C_AR_PCEVII2,PCE
STU00574,C_AR_OAEVII1,OAE
STU00574,C_AR_PCEVII1,PCE
STU00575,C_AR_OAEVII2,OAE
STU00575,C_AR_PCEVII2,PCE
STU00576,C_AR_OAEVII1,OAE
STU00576,C_AR_PCEVII1,PCE
STU00577,C_AR_OAEVII2,OAE
STU00577,C_AR_PCEVII2,PCE
STU00578,C_AR_OAEVII1,OAE
STU00578,C_AR_PCEVII1,PCE
STU00579,C_AR_OAEVII2,OAE
STU00579,C_AR_PCEVII2,PCE
STU00580,C_AR_OAEVII1,OAE
STU00580,C_AR_PCEVII1,PCE
STU00581,C_AR_OAEVII2,OAE
STU00581,C_AR_PCEVII2,PCE
STU00582,C_AR_OAEVII1,OAE
STU00582,C_AR_PCEVII1,PCE
STU00583,C_AR_OAEVII2,OAE
STU00583,C_AR_PCEVII2,PCE
STU00584,C_AR_OAEVII1,OAE
STU00584,C_AR_PCEVII1,PCE
STU00585,C_AR_OAEVII2,OAE
STU00585,C_AR_PCEVII2,PCE
STU00586,C_AR_OAEVII1,OAE
STU00586,C_AR_PCEVII1,PCE
STU00587,C_AR_OAEVII2,OAE
STU00587,C_AR_PCEVII2,PCE
STU00588,C_AR_OAEVII1,OAE
STU00588,C_AR_PCEVII1,PCE
STU00589,C_AR_OAEVII2,OAE
STU00589,C_AR_PCEVII2,PCE
STU00590,C_AR_OAEVII1,OAE
STU00590,C_AR_PCEVII1,PCE
STU00591,C_AR_OAEVII2,OAE
STU00591,C_AR_PCEVII2,PCE
STU00592,C_AR_OAEVII1,OAE
STU00592,C_AR_PCEVII1,PCE
STU00593,C_IIOT_OAEVII1,OAE
STU00593,C_IIOT_PCEVII1,PCE
STU00594,C_IIOT_OAEVII2,OAE
STU00594,C_IIOT_PCEVII2,PCE
STU00595,C_IIOT_OAEVII1,OAE
STU00595,C_IIOT_PCEVII1,PCE
STU00596,C_IIOT_OAEVII2,OAE
STU00596,C_IIOT_PCEVII2,PCE
STU00597,C_IIOT_OAEVII1,OAE
STU00597,C_IIOT_PCEVII1,PCE
STU00598,C_IIOT_OAEVII2,OAE
STU00598,C_IIOT_PCEVII2,PCE
STU00599,C_IIOT_OAEVII1,OAE
STU00599,C_IIOT_PCEVII1,PCE
STU00600,C_IIOT_OAEVII2,OAE
STU00600,C_IIOT_PCEVII2,PCE
STU00601,C_IIOT_OAEVII1,OAE
STU00601,C_IIOT_PCEVII1,PCE
STU00602,C_IIOT_OAEVII2,OAE
STU00602,C_IIOT_PCEVII2,PCE
STU00603,C_IIOT_OAEVII1,OAE
STU00603,C_IIOT_PCEVII1,PCE
STU00604,C_IIOT_OAEVII2,OAE
STU00604,C_IIOT_PCEVII2,PCE
STU00605,C_IIOT_OAEVII1,OAE
STU00605,C_IIOT_PCEVII1,PCE
STU00606,C_IIOT_OAEVII2,OAE
STU00606,C_IIOT_PCEVII2,PCE
STU00607,C_IIOT_OAEVII1,OAE
STU00607,C_IIOT_PCEVII1,PCE
STU00608,C_IIOT_OAEVII2,OAE
STU00608,C_IIOT_PCEVII2,PCE
STU00609,C_IIOT_OAEVII1,OAE
STU00609,C_IIOT_PCEVII1,PCE
STU00610,C_IIOT_OAEVII2,OAE
STU00610,C_IIOT_PCEVII2,PCE
STU00611,C_IIOT_OAEVII1,OAE
STU00611,C_IIOT_PCEVII1,PCE
STU00612,C_IIOT_OAEVII2,OAE
STU00612,C_IIOT_PCEVII2,PCE
STU00613,C_IIOT_OAEVII1,OAE
STU00613,C_IIOT_PCEVII1,PCE
STU00614,C_IIOT_OAEVII2,OAE
STU00614,C_IIOT_PCEVII2,PCE
STU00615,C_IIOT_OAEVII1,OAE
STU00615,C_IIOT_PCEVII1,PCE
STU00616,C_IIOT_OAEVII2,OAE
STU00616,C_IIOT_PCEVII2,PCE
STU00617,C_IIOT_OAEVII1,OAE
STU00617,C_IIOT_PCEVII1,PCE
STU00618,C_IIOT_OAEVII2,OAE
STU00618,C_IIOT_PCEVII2,PCE
STU00619,C_IIOT_OAEVII1,OAE
STU00619,C_IIOT_PCEVII1,PCE
STU00620,C_IIOT_OAEVII2,OAE
STU00620,C_IIOT_PCEVII2,PCE
STU00621,C_IIOT_OAEVII1,OAE
STU00621,C_IIOT_PCEVII1,PCE
STU00622,C_IIOT_OAEVII2,OAE
STU00622,C_IIOT_PCEVII2,PCE
STU00623,C_IIOT_OAEVII1,OAE
STU00623,C_IIOT_PCEVII1,PCE
STU00624,C_IIOT_OAEVII2,OAE
STU00624,C_IIOT_PCEVII2,PCE
STU00625,C_IIOT_OAEVII1,OAE
STU00625,C_IIOT_PCEVII1,PCE
STU00626,C_IIOT_OAEVII2,OAE
STU00626,C_IIOT_PCEVII2,PCE
STU00627,C_IIOT_OAEVII1,OAE
STU00627,C_IIOT_PCEVII1,PCE
STU00628,C_IIOT_OAEVII2,OAE
STU00628,C_IIOT_PCEVII2,PCE
STU00629,C_IIOT_OAEVII1,OAE
STU00629,C_IIOT_PCEVII1,PCE
STU00630,C_IIOT_OAEVII2,OAE
STU00630,C_IIOT_PCEVII2,PCE
STU00631,C_IIOT_OAEVII1,OAE
STU00631,C_IIOT_PCEVII1,PCE
STU00632,C_IIOT_OAEVII2,OAE
STU00632,C_IIOT_PCEVII2,PCE
STU00633,C_IIOT_OAEVII1,OAE
STU00633,C_IIOT_PCEVII1,PCE
STU00634,C_IIOT_OAEVII2,OAE
STU00634,C_IIOT_PCEVII2,PCE
STU00635,C_IIOT_OAEVII1,OAE
STU00635,C_IIOT_PCEVII1,PCE
STU00636,C_IIOT_OAEVII2,OAE
STU00636,C_IIOT_PCEVII2,PCE
STU00637,C_IIOT_OAEVII1,OAE
STU00637,C_IIOT_PCEVII1,PCE
STU00638,C_IIOT_OAEVII2,OAE
STU00638,C_IIOT_PCEVII2,PCE
STU00639,C_IIOT_OAEVII1,OAE
STU00639,C_IIOT_PCEVII1,PCE
STU00640,C_IIOT_OAEVII2,OAE
STU00640,C_IIOT_PCEVII2,PCE
STU00641,C_IIOT_OAEVII1,OAE
STU00641,C_IIOT_PCEVII1,PCE
STU00642,C_IIOT_OAEVII2,OAE
STU00642,C_IIOT_PCEVII2,PCE
STU00643,C_IIOT_OAEVII1,OAE
STU00643,C_IIOT_PCEVII1,PCE
STU00644,C_IIOT_OAEVII2,OAE
STU00644,C_IIOT_PCEVII2,PCE
STU00645,C_IIOT_OAEVII1,OAE
STU00645,C_IIOT_PCEVII1,PCE
STU00646,C_IIOT_OAEVII2,OAE
STU00646,C_IIOT_PCEVII2,PCE
STU00647,C_IIOT_OAEVII1,OAE
STU00647,C_IIOT_PCEVII1,PCE
STU00648,C_IIOT_OAEVII2,OAE
STU00648,C_IIOT_PCEVII2,PCE
STU00649,C_IIOT_OAEVII1,OAE
STU00649,C_IIOT_PCEVII1,PCE
STU00650,C_IIOT_OAEVII2,OAE
STU00650,C_IIOT_PCEVII2,PCE
STU00651,C_IIOT_OAEVII1,OAE
STU00651,C_IIOT_PCEVII1,PCE
STU00652,C_IIOT_OAEVII2,OAE
STU00652,C_IIOT_PCEVII2,PCE
STU00653,C_IIOT_OAEVII1,OAE
STU00653,C_IIOT_PCEVII1,PCE
STU00654,C_IIOT_OAEVII2,OAE
STU00654,C_IIOT_PCEVII2,PCE
STU00655,C_IIOT_OAEVII1,OAE
STU00655,C_IIOT_PCEVII1,PCE
STU00656,C_IIOT_OAEVII2,OAE
STU00656,C_IIOT_PCEVII2,PCE
STU00657,C_IIOT_OAEVII1,OAE
STU00657,C_IIOT_PCEVII1,PCE
STU00658,C_IIOT_OAEVII2,OAE
STU00658,C_IIOT_PCEVII2,PCE
STU00659,C_IIOT_OAEVII1,OAE
STU00659,C_IIOT_PCEVII1,PCE
STU00660,C_IIOT_OAEVII2,OAE
STU00660,C_IIOT_PCEVII2,PCE
STU00661,C_IIOT_OAEVII1,OAE
STU00661,C_IIOT_PCEVII1,PCE
STU00662,C_IIOT_OAEVII2,OAE
STU00662,C_IIOT_PCEVII2,PCE
STU00663,C_IIOT_OAEVII1,OAE
STU00663,C_IIOT_PCEVII1,PCE
STU00664,C_IIOT_OAEVII2,OAE
STU00664,C_IIOT_PCEVII2,PCE
STU00665,C_IIOT_OAEVII1,OAE
STU00665,C_IIOT_PCEVII1,PCE
STU00666,C_IIOT_OAEVII2,OAE
STU00666,C_IIOT_PCEVII2,PCE
STU00667,C_IIOT_OAEVII1,OAE
STU00667,C_IIOT_PCEVII1,PCE
STU00668,C_IIOT_OAEVII2,OAE
STU00668,C_IIOT_PCEVII2,PCE
STU00669,C_IIOT_OAEVII1,OAE
STU00669,C_IIOT_PCEVII1,PCE
STU00670,C_IIOT_OAEVII2,OAE
STU00670,C_IIOT_PCEVII2,PCE
STU00671,C_IIOT_OAEVII1,OAE
STU00671,C_IIOT_PCEVII1,PCE
STU00672,C_IIOT_OAEVII2,OAE
STU00672,C_IIOT_PCEVII2,PCE
STU00673,C_IIOT_OAEVII1,OAE
STU00673,C_IIOT_PCEVII1,PCE
STU00674,C_IIOT_OAEVII2,OAE
STU00674,C_IIOT_PCEVII2,PCE
STU00675,C_IIOT_OAEVII1,OAE
STU00675,C_IIOT_PCEVII1,PCE
STU00676,C_IIOT_OAEVII2,OAE
STU00676,C_IIOT_PCEVII2,PCE
